Piazzata,Chiuse,Dettagli,Tipo,Quota,Puntata (€),Responsabilità (€),Profitto/Perdita,Stato
08-feb-26 11:21:23,08-feb-26 14:05:07,L Samsonova - Frech L Samsonova-Esito Finale | ID scommessa Betfair 1:417770730132 | ID Scommessa AdM bc000000003fbfb9c909,Punta,1.62,"4,50", -- ," -4,50 ",Persa
08-feb-26 11:29:24,08-feb-26 14:05:07,L Samsonova - Frech L Samsonova-Esito Finale | ID scommessa Betfair 1:417771279249 | ID Scommessa AdM bc000000002322d7560a,Punta,1.64,"3,00", -- ," -3,00 ",Persa
08-feb-26 11:30:24,08-feb-26 14:05:07,L Samsonova - Frech L Samsonova-Esito Finale | ID scommessa Betfair 1:417771350682 | ID Scommessa AdM bc0000000061f3a19b08,Punta,1.72,"5,00", -- ," -5,00 ",Persa
08-feb-26 11:31:24,08-feb-26 14:05:07,L Samsonova - Frech L Samsonova-Esito Finale | ID scommessa Betfair 1:417771427588 | ID Scommessa AdM bc000000003fc00aac09,Punta,1.73,"4,00", -- ," -4,00 ",Persa
08-feb-26 11:33:24,08-feb-26 14:05:07,L Samsonova - Frech L Samsonova-Esito Finale | ID scommessa Betfair 1:417771599471 | ID Scommessa AdM bc000000003fc0227209,Punta,1.68,"3,00", -- ," -3,00 ",Persa
08-feb-26 11:35:23,08-feb-26 14:05:07,L Samsonova - Frech L Samsonova-Esito Finale | ID scommessa Betfair 1:417771767553 | ID Scommessa AdM bc0000000061f3d9e608,Punta,1.61,"3,00", -- ," -3,00 ",Persa
08-feb-26 11:37:24,08-feb-26 14:05:07,L Samsonova - Frech L Samsonova-Esito Finale | ID scommessa Betfair 1:417771958380 | ID Scommessa AdM bc0000000061f3f08108,Punta,1.74,"5,00", -- ," -5,00 ",Persa
08-feb-26 11:39:23,08-feb-26 14:05:07,L Samsonova - Frech L Samsonova-Esito Finale | ID scommessa Betfair 1:417772135385 | ID Scommessa AdM bc0000000061f4026d08,Punta,1.77,"3,50", -- ," -3,50 ",Persa
08-feb-26 11:40:23,08-feb-26 14:05:07,L Samsonova - Frech L Samsonova-Esito Finale | ID scommessa Betfair 1:417772223013 | ID Scommessa AdM bc00000000232348a20a,Punta,1.72,"5,00", -- ," -5,00 ",Persa
08-feb-26 11:41:24,08-feb-26 14:05:07,L Samsonova - Frech L Samsonova-Esito Finale | ID scommessa Betfair 1:417772311238 | ID Scommessa AdM bc000000003fc0734b09,Punta,1.78,"3,00", -- ," -3,00 ",Persa
08-feb-26 11:43:23,08-feb-26 14:05:07,L Samsonova - Frech L Samsonova-Esito Finale | ID scommessa Betfair 1:417772488449 | ID Scommessa AdM bc00000000232368140a,Punta,1.80,"4,50", -- ," -4,50 ",Persa
08-feb-26 11:45:23,08-feb-26 14:05:07,L Samsonova - Frech L Samsonova-Esito Finale | ID scommessa Betfair 1:417772676577 | ID Scommessa AdM bc0000000061f4432508,Punta,2.85,"3,00", -- ," -3,00 ",Persa
08-feb-26 11:47:24,08-feb-26 14:05:07,L Samsonova - Frech L Samsonova-Esito Finale | ID scommessa Betfair 1:417772874416 | ID Scommessa AdM bc000000003fc0becb09,Punta,3.30,"2,50", -- ," -2,50 ",Persa
08-feb-26 11:49:25,08-feb-26 14:05:07,L Samsonova - Frech L Samsonova-Esito Finale | ID scommessa Betfair 1:417773033426 | ID Scommessa AdM bc000000003fc0d1ad09,Punta,3.75,"2,50", -- ," -2,50 ",Persa
08-feb-26 11:51:24,08-feb-26 14:05:07,L Samsonova - Frech L Samsonova-Esito Finale | ID scommessa Betfair 1:417773168329 | ID Scommessa AdM bc0000000061f4850a08,Punta,3.45,"2,50", -- ," -2,50 ",Persa
08-feb-26 11:55:24,08-feb-26 14:05:07,L Samsonova - Frech L Samsonova-Esito Finale | ID scommessa Betfair 1:417773471177 | ID Scommessa AdM bc000000002323e3d40a,Punta,3.05,"2,50", -- ," -2,50 ",Persa
08-feb-26 12:05:24,08-feb-26 14:05:07,L Samsonova - Frech L Samsonova-Esito Finale | ID scommessa Betfair 1:417774340173 | ID Scommessa AdM bc00000000232453ba0a,Punta,2.94,"2,00", -- ," -2,00 ",Persa
08-feb-26 12:09:24,08-feb-26 14:05:07,L Samsonova - Frech L Samsonova-Esito Finale | ID scommessa Betfair 1:417774735747 | ID Scommessa AdM bc0000000061f5465b08,Punta,2.73,"4,50", -- ," -4,50 ",Persa
08-feb-26 12:11:24,08-feb-26 14:05:07,L Samsonova - Frech L Samsonova-Esito Finale | ID scommessa Betfair 1:417774951417 | ID Scommessa AdM bc0000000023249ef10a,Punta,2.20,"4,00", -- ," -4,00 ",Persa
08-feb-26 12:13:24,08-feb-26 14:05:07,L Samsonova - Frech L Samsonova-Esito Finale | ID scommessa Betfair 1:417775163832 | ID Scommessa AdM bc000000002324b89a0a,Punta,2.02,"2,00", -- ," -2,00 ",Persa
08-feb-26 12:14:24,08-feb-26 14:05:07,L Samsonova - Frech L Samsonova-Esito Finale | ID scommessa Betfair 1:417775270698 | ID Scommessa AdM bc000000003fc1e61c09,Punta,2.02,"2,00", -- ," -2,00 ",Persa
08-feb-26 12:15:24,08-feb-26 14:05:07,L Samsonova - Frech L Samsonova-Esito Finale | ID scommessa Betfair 1:417775388561 | ID Scommessa AdM bc000000003fc1f4a209,Punta,2.02,"2,00", -- ," -2,00 ",Persa
08-feb-26 12:17:24,08-feb-26 14:05:07,L Samsonova - Frech L Samsonova-Esito Finale | ID scommessa Betfair 1:417775590740 | ID Scommessa AdM bc000000002324efa30a,Punta,1.98,"2,00", -- ," -2,00 ",Persa
08-feb-26 12:18:24,08-feb-26 14:05:07,L Samsonova - Frech L Samsonova-Esito Finale | ID scommessa Betfair 1:417775705625 | ID Scommessa AdM bc000000003fc21e0309,Punta,1.87,"5,00", -- ," -5,00 ",Persa
08-feb-26 12:22:24,08-feb-26 14:05:07,L Samsonova - Frech L Samsonova-Esito Finale | ID scommessa Betfair 1:417776165529 | ID Scommessa AdM bc0000000061f5f87c08,Punta,2.66,"2,00", -- ," -2,00 ",Persa
08-feb-26 12:24:24,08-feb-26 14:05:07,L Samsonova - Frech L Samsonova-Esito Finale | ID scommessa Betfair 1:417776391988 | ID Scommessa AdM bc000000003fc275ca09,Punta,3.14,"3,00", -- ," -3,00 ",Persa
08-feb-26 12:25:25,08-feb-26 14:05:07,L Samsonova - Frech L Samsonova-Esito Finale | ID scommessa Betfair 1:417776506793 | ID Scommessa AdM bc0000000061f6240408,Punta,3.05,"2,00", -- ," -2,00 ",Persa
08-feb-26 12:26:24,08-feb-26 14:05:07,L Samsonova - Frech L Samsonova-Esito Finale | ID scommessa Betfair 1:417776621574 | ID Scommessa AdM bc000000003fc2917b09,Punta,3.35,"3,00", -- ," -3,00 ",Persa
08-feb-26 12:28:24,08-feb-26 14:05:07,L Samsonova - Frech L Samsonova-Esito Finale | ID scommessa Betfair 1:417776859107 | ID Scommessa AdM bc0000000023258fce0a,Punta,4.10,"2,00", -- ," -2,00 ",Persa
08-feb-26 12:37:24,08-feb-26 14:05:07,L Samsonova - Frech L Samsonova-Esito Finale | ID scommessa Betfair 1:417778053349 | ID Scommessa AdM bc0000000061f6f21408,Punta,2.18,"2,00", -- ," -2,00 ",Persa
08-feb-26 12:38:24,08-feb-26 14:05:07,L Samsonova - Frech Frech-Esito Finale | ID scommessa Betfair 1:417778203436 | ID Scommessa AdM bc00000000232640380a,Punta,2.14,"2,00", -- ," 2,28 ",Vinta
08-feb-26 12:41:24,08-feb-26 14:05:07,L Samsonova - Frech L Samsonova-Esito Finale | ID scommessa Betfair 1:417778602871 | ID Scommessa AdM bc000000003fc3960109,Punta,2.06,"2,00", -- ," -2,00 ",Persa
08-feb-26 12:45:24,08-feb-26 14:05:07,L Samsonova - Frech L Samsonova-Esito Finale | ID scommessa Betfair 1:417779116256 | ID Scommessa AdM bc000000003fc3d8d309,Punta,1.92,"2,00", -- ," -2,00 ",Persa
08-feb-26 12:47:25,08-feb-26 14:05:07,L Samsonova - Frech L Samsonova-Esito Finale | ID scommessa Betfair 1:417779378631 | ID Scommessa AdM bc0000000061f79fc408,Punta,1.61,"2,00", -- ," -2,00 ",Persa
08-feb-26 12:51:26,08-feb-26 14:05:07,L Samsonova - Frech L Samsonova-Esito Finale | ID scommessa Betfair 1:417779850491 | ID Scommessa AdM bc000000002327180d0a,Punta,1.60,"2,00", -- ," -2,00 ",Persa
08-feb-26 12:53:24,08-feb-26 14:05:07,L Samsonova - Frech L Samsonova-Esito Finale | ID scommessa Betfair 1:417780058075 | ID Scommessa AdM bc00000000232733640a,Punta,1.81,"2,00", -- ," -2,00 ",Persa
08-feb-26 12:54:25,08-feb-26 14:05:07,L Samsonova - Frech L Samsonova-Esito Finale | ID scommessa Betfair 1:417780172473 | ID Scommessa AdM bc000000003fc4622609,Punta,1.84,"4,00", -- ," -4,00 ",Persa
08-feb-26 12:56:25,08-feb-26 14:05:07,L Samsonova - Frech L Samsonova-Esito Finale | ID scommessa Betfair 1:417780397812 | ID Scommessa AdM bc000000003fc481e809,Punta,2.02,"2,50", -- ," -2,50 ",Persa
08-feb-26 12:58:24,08-feb-26 14:05:07,L Samsonova - Frech L Samsonova-Esito Finale | ID scommessa Betfair 1:417780619937 | ID Scommessa AdM bc00000000232787420a,Punta,1.91,"2,00", -- ," -2,00 ",Persa
08-feb-26 12:59:24,08-feb-26 14:05:07,L Samsonova - Frech L Samsonova-Esito Finale | ID scommessa Betfair 1:417780728263 | ID Scommessa AdM bc00000000232795db0a,Punta,2.44,"2,50", -- ," -2,50 ",Persa
08-feb-26 13:02:24,08-feb-26 14:05:07,L Samsonova - Frech Frech-Esito Finale | ID scommessa Betfair 1:417781182555 | ID Scommessa AdM bc000000003fc4eea609,Punta,1.43,"2,00", -- ," 0,86 ",Vinta
08-feb-26 13:03:25,08-feb-26 14:05:07,L Samsonova - Frech L Samsonova-Esito Finale | ID scommessa Betfair 1:417781329776 | ID Scommessa AdM bc000000002327ea460a,Punta,2.84,"2,00", -- ," -2,00 ",Persa
08-feb-26 13:05:25,08-feb-26 14:05:07,L Samsonova - Frech L Samsonova-Esito Finale | ID scommessa Betfair 1:417781605759 | ID Scommessa AdM bc0000000061f8c7ed08,Punta,5.00,"4,00", -- ," -4,00 ",Persa
08-feb-26 13:06:25,08-feb-26 14:05:07,L Samsonova - Frech L Samsonova-Esito Finale | ID scommessa Betfair 1:417781766399 | ID Scommessa AdM bc000000003fc53db209,Punta,4.10,"2,00", -- ," -2,00 ",Persa
08-feb-26 12:07:24,08-feb-26 13:49:04,Pe Stearns - Zvonareva Zvonareva-Esito Finale | ID scommessa Betfair 1:417774534350 | ID Scommessa AdM bc0000000061f52d6a08,Punta,3.60,"4,00", -- ," 10,40 ",Vinta
08-feb-26 12:49:24,08-feb-26 13:49:04,Pe Stearns - Zvonareva Pe Stearns-Esito Finale | ID scommessa Betfair 1:417779610955 | ID Scommessa AdM bc000000003fc41a6909,Punta,1.95,"2,00", -- ," -2,00 ",Persa
08-feb-26 12:50:24,08-feb-26 13:49:04,Pe Stearns - Zvonareva Pe Stearns-Esito Finale | ID scommessa Betfair 1:417779730223 | ID Scommessa AdM bc0000000061f7cdbd08,Punta,1.90,"2,00", -- ," -2,00 ",Persa
08-feb-26 13:04:25,08-feb-26 13:49:04,Pe Stearns - Zvonareva Pe Stearns-Esito Finale | ID scommessa Betfair 1:417781467367 | ID Scommessa AdM bc000000003fc5164109,Punta,2.02,"2,50", -- ," -2,50 ",Persa
08-feb-26 11:32:24,08-feb-26 13:47:08,Boogaard - Grenier Grenier-Esito Finale | ID scommessa Betfair 1:417771514104 | ID Scommessa AdM bc0000000061f3b6fe08,Punta,1.80,"4,00", -- ," 3,20 ",Vinta
08-feb-26 11:36:24,08-feb-26 13:47:08,Boogaard - Grenier Boogaard-Esito Finale | ID scommessa Betfair 1:417771859067 | ID Scommessa AdM bc00000000232320a40a,Punta,2.10,"3,50", -- ," -3,50 ",Persa
08-feb-26 12:06:24,08-feb-26 13:47:08,Boogaard - Grenier Boogaard-Esito Finale | ID scommessa Betfair 1:417774441383 | ID Scommessa AdM bc000000003fc17b7709,Punta,1.64,"4,50", -- ," -4,50 ",Persa
08-feb-26 12:12:24,08-feb-26 13:47:08,Boogaard - Grenier Boogaard-Esito Finale | ID scommessa Betfair 1:417775048225 | ID Scommessa AdM bc0000000061f56d9308,Punta,1.83,"2,00", -- ," -2,00 ",Persa
08-feb-26 12:29:25,08-feb-26 13:47:08,Boogaard - Grenier Grenier-Esito Finale | ID scommessa Betfair 1:417776973188 | ID Scommessa AdM bc0000000061f65fea08,Punta,2.42,"2,00", -- ," 2,84 ",Vinta
08-feb-26 12:31:25,08-feb-26 13:47:08,Boogaard - Grenier Boogaard-Esito Finale | ID scommessa Betfair 1:417777234027 | ID Scommessa AdM bc000000003fc2e02009,Punta,1.81,"3,00", -- ," -3,00 ",Persa
08-feb-26 12:42:24,08-feb-26 13:47:08,Boogaard - Grenier Boogaard-Esito Finale | ID scommessa Betfair 1:417778737104 | ID Scommessa AdM bc000000003fc3a74509,Punta,1.27,"5,00", -- ," -5,00 ",Persa
08-feb-26 12:46:24,08-feb-26 13:47:08,Boogaard - Grenier Boogaard-Esito Finale | ID scommessa Betfair 1:417779250417 | ID Scommessa AdM bc000000003fc3e9e609,Punta,1.22,"2,00", -- ," -2,00 ",Persa
08-feb-26 12:55:25,08-feb-26 13:47:08,Boogaard - Grenier Boogaard-Esito Finale | ID scommessa Betfair 1:417780274430 | ID Scommessa AdM bc0000000061f8143208,Punta,1.34,"2,50", -- ," -2,50 ",Persa
08-feb-26 11:44:24,08-feb-26 12:55:51,Anadolu Efes - Pinar Karsiyaka Anadolu Efes-Vincente incontro | ID scommessa Betfair 1:417772576775 | ID Scommessa AdM bc0000000061f4368a08,Punta,1.01,"3,00", -- ," 0,03 ",Vinta
08-feb-26 12:39:24,08-feb-26 12:47:07,"Cagliari U20 - Inter U20 Over 3,5 goal-Over/Under 3,5 gol | ID scommessa Betfair 1:417778343695 | ID Scommessa AdM bc000000002326547c0a",Punta,2.04,"4,00", -- ," 4,16 ",Vinta
08-feb-26 12:43:24,08-feb-26 12:47:07,"Cagliari U20 - Inter U20 Over 3,5 goal-Over/Under 3,5 gol | ID scommessa Betfair 1:417778864557 | ID Scommessa AdM bc000000003fc3b6d009",Punta,2.32,"2,50", -- ," 3,30 ",Vinta
08-feb-26 10:33:23,08-feb-26 12:41:56,Faut - R Bertrand R Bertrand-Esito Finale | ID scommessa Betfair 1:417767930419 | ID Scommessa AdM bc0000000023217ed10a,Punta,1.67,"2,00", -- ," 1,34 ",Vinta
08-feb-26 10:43:24,08-feb-26 12:41:56,Faut - R Bertrand Faut-Esito Finale | ID scommessa Betfair 1:417768432326 | ID Scommessa AdM bc000000002321af940a,Punta,2.22,"2,00", -- ," -2,00 ",Persa
08-feb-26 10:47:23,08-feb-26 12:41:56,Faut - R Bertrand R Bertrand-Esito Finale | ID scommessa Betfair 1:417768626741 | ID Scommessa AdM bc0000000061f27fae08,Punta,1.78,"2,00", -- ," 1,56 ",Vinta
08-feb-26 10:48:23,08-feb-26 12:41:56,Faut - R Bertrand R Bertrand-Esito Finale | ID scommessa Betfair 1:417768663619 | ID Scommessa AdM bc000000003fbee20809,Punta,2.44,"2,00", -- ," 2,88 ",Vinta
08-feb-26 11:18:22,08-feb-26 12:41:56,Faut - R Bertrand Faut-Esito Finale | ID scommessa Betfair 1:417770536949 | ID Scommessa AdM bc000000003fbfa43309,Punta,2.18,"3,00", -- ," -3,00 ",Persa
08-feb-26 11:38:23,08-feb-26 12:41:56,Faut - R Bertrand Faut-Esito Finale | ID scommessa Betfair 1:417772045340 | ID Scommessa AdM bc00000000232334880a,Punta,1.87,"3,00", -- ," -3,00 ",Persa
08-feb-26 11:54:24,08-feb-26 12:41:56,Faut - R Bertrand R Bertrand-Esito Finale | ID scommessa Betfair 1:417773393137 | ID Scommessa AdM bc000000002323db2a0a,Punta,2.00,"4,50", -- ," 4,50 ",Vinta
08-feb-26 11:12:24,08-feb-26 12:36:54,"Cagliari U20 - Inter U20 Over 2,5 goal-Over/Under 2,5 gol | ID scommessa Betfair 1:417770118141 | ID Scommessa AdM bc0000000061f3162108",Punta,2.16,"4,50", -- ," 5,22 ",Vinta
08-feb-26 11:14:23,08-feb-26 12:36:54,"Cagliari U20 - Inter U20 Under 2,5 goal-Over/Under 2,5 gol | ID scommessa Betfair 1:417770266959 | ID Scommessa AdM bc00000000232262fc0a",Punta,1.76,"2,00", -- ," -2,00 ",Persa
08-feb-26 11:53:23,08-feb-26 12:36:54,"Cagliari U20 - Inter U20 Under 2,5 goal-Over/Under 2,5 gol | ID scommessa Betfair 1:417773320510 | ID Scommessa AdM bc000000003fc0f36309",Punta,4.80,"4,50", -- ," -4,50 ",Persa
08-feb-26 11:56:24,08-feb-26 12:36:54,"Cagliari U20 - Inter U20 Under 2,5 goal-Over/Under 2,5 gol | ID scommessa Betfair 1:417773572542 | ID Scommessa AdM bc000000002323f0bc0a",Punta,4.90,"3,00", -- ," -3,00 ",Persa
08-feb-26 11:58:23,08-feb-26 12:36:54,"Cagliari U20 - Inter U20 Under 2,5 goal-Over/Under 2,5 gol | ID scommessa Betfair 1:417773724570 | ID Scommessa AdM bc000000003fc1216a09",Punta,4.90,"2,50", -- ," -2,50 ",Persa
08-feb-26 12:02:23,08-feb-26 12:36:54,"Cagliari U20 - Inter U20 Under 2,5 goal-Over/Under 2,5 gol | ID scommessa Betfair 1:417774058705 | ID Scommessa AdM bc0000000061f4f3ad08",Punta,4.80,"2,00", -- ," -2,00 ",Persa
08-feb-26 12:03:23,08-feb-26 12:36:54,"Cagliari U20 - Inter U20 Under 2,5 goal-Over/Under 2,5 gol | ID scommessa Betfair 1:417774155385 | ID Scommessa AdM bc000000003fc15a9809",Punta,4.80,"3,00", -- ," -3,00 ",Persa
08-feb-26 12:04:24,08-feb-26 12:36:54,"Cagliari U20 - Inter U20 Under 2,5 goal-Over/Under 2,5 gol | ID scommessa Betfair 1:417774252302 | ID Scommessa AdM bc000000003fc164ae09",Punta,4.90,"4,00", -- ," -4,00 ",Persa
08-feb-26 12:30:24,08-feb-26 12:36:54,"Cagliari U20 - Inter U20 Under 2,5 goal-Over/Under 2,5 gol | ID scommessa Betfair 1:417777101383 | ID Scommessa AdM bc000000002325ae5c0a",Punta,2.46,"2,00", -- ," -2,00 ",Persa
08-feb-26 12:33:23,08-feb-26 12:36:54,"Cagliari U20 - Inter U20 Over 2,5 goal-Over/Under 2,5 gol | ID scommessa Betfair 1:417777491009 | ID Scommessa AdM bc000000003fc3025809",Punta,1.74,"2,00", -- ," 1,48 ",Vinta
08-feb-26 12:34:25,08-feb-26 12:36:54,"Cagliari U20 - Inter U20 Over 2,5 goal-Over/Under 2,5 gol | ID scommessa Betfair 1:417777633751 | ID Scommessa AdM bc0000000061f6ba0608",Punta,1.79,"3,00", -- ," 2,37 ",Vinta
08-feb-26 12:08:24,08-feb-26 12:20:31,"Keciorengucu - Bandirmaspor Under 0,5 goal-Over/Under 0,5 gol | ID scommessa Betfair 1:417774633045 | ID Scommessa AdM bc000000003fc194ff09",Punta,6.20,"0,19", -- ," -0,19 ",Persa
08-feb-26 11:25:23,08-feb-26 12:16:21,"Dobrudzha - Septemvri Under 1,5 goal-Over/Under 1,5 gol | ID scommessa Betfair 1:417771006781 | ID Scommessa AdM bc000000003fbfd83f09",Punta,2.14,"3,00", -- ," -3,00 ",Persa
08-feb-26 12:01:23,08-feb-26 12:16:21,"Dobrudzha - Septemvri Under 1,5 goal-Over/Under 1,5 gol | ID scommessa Betfair 1:417773973406 | ID Scommessa AdM bc0000000061f4e8f208",Punta,3.60,"4,50", -- ," -4,50 ",Persa
08-feb-26 10:40:23,08-feb-26 11:56:02,K Suresh v Siddh Banthia Siddh Banthia-Esito Finale | ID scommessa Betfair 1:417768264369 | ID Scommessa AdM bc0000000023219f610a,Punta,1.26,"2,00", -- ," 0,52 ",Vinta
08-feb-26 09:57:23,08-feb-26 11:46:35,At Sharma v A Kalyanpur At Sharma-Esito Finale | ID scommessa Betfair 1:417766022735 | ID Scommessa AdM bc000000002320df9f0a,Punta,2.28,"2,50", -- ," -2,50 ",Persa
08-feb-26 09:58:22,08-feb-26 11:46:35,At Sharma v A Kalyanpur A Kalyanpur-Esito Finale | ID scommessa Betfair 1:417766072287 | ID Scommessa AdM bc000000002320e3150a,Punta,1.73,"2,00", -- ," 1,46 ",Vinta
08-feb-26 10:26:21,08-feb-26 11:46:35,At Sharma v A Kalyanpur At Sharma-Esito Finale | ID scommessa Betfair 1:417767565432 | ID Scommessa AdM bc0000000023215b230a,Punta,5.10,"2,00", -- ," -2,00 ",Persa
08-feb-26 10:36:22,08-feb-26 11:46:35,At Sharma v A Kalyanpur At Sharma-Esito Finale | ID scommessa Betfair 1:417768056669 | ID Scommessa AdM bc0000000023218aea0a,Punta,3.35,"2,00", -- ," -2,00 ",Persa
08-feb-26 10:46:23,08-feb-26 11:46:35,At Sharma v A Kalyanpur A Kalyanpur-Esito Finale | ID scommessa Betfair 1:417768575201 | ID Scommessa AdM bc0000000061f27b5108,Punta,1.50,"2,00", -- ," 1,00 ",Vinta
08-feb-26 11:19:24,08-feb-26 11:46:35,At Sharma v A Kalyanpur A Kalyanpur-Esito Finale | ID scommessa Betfair 1:417770602258 | ID Scommessa AdM bc000000003fbfab6109,Punta,1.48,"3,00", -- ," 1,44 ",Vinta
08-feb-26 11:22:24,08-feb-26 11:46:35,At Sharma v A Kalyanpur At Sharma-Esito Finale | ID scommessa Betfair 1:417770798145 | ID Scommessa AdM bc000000003fbfc21e09,Punta,4.00,"4,50", -- ," -4,50 ",Persa
08-feb-26 11:24:23,08-feb-26 11:46:35,At Sharma v A Kalyanpur A Kalyanpur-Esito Finale | ID scommessa Betfair 1:417770941643 | ID Scommessa AdM bc000000003fbfd0dd09,Punta,1.26,"5,00", -- ," 1,30 ",Vinta
08-feb-26 11:34:23,08-feb-26 11:46:35,At Sharma v A Kalyanpur At Sharma-Esito Finale | ID scommessa Betfair 1:417771686217 | ID Scommessa AdM bc000000003fc02ef209,Punta,4.00,"3,00", -- ," -3,00 ",Persa
08-feb-26 11:15:23,08-feb-26 11:41:29,"Cagliari U20 - Inter U20 Over 1,5 goal-Over/Under 1,5 gol | ID scommessa Betfair 1:417770337312 | ID Scommessa AdM bc0000000061f32e7e08",Punta,1.40,"4,50", -- ," 1,80 ",Vinta
08-feb-26 11:23:23,08-feb-26 11:41:29,"Cagliari U20 - Inter U20 Under 1,5 goal-Over/Under 1,5 gol | ID scommessa Betfair 1:417770865564 | ID Scommessa AdM bc000000002322a7d90a",Punta,10.00,"5,00", -- ," -5,00 ",Persa
08-feb-26 11:16:24,08-feb-26 11:20:56,"Cagliari U20 - Inter U20 Over 0,5 goal-Over/Under 0,5 gol | ID scommessa Betfair 1:417770407970 | ID Scommessa AdM bc0000000061f335e408",Punta,1.09,"4,00", -- ," 0,36 ",Vinta
08-feb-26 09:37:22,08-feb-26 11:11:22,Hyeon Chung - Marco Trungelliti Hyeon Chung-Esito Finale | ID scommessa Betfair 1:417764936994 | ID Scommessa AdM bc0000000061f13f2a08,Punta,2.22,"2,50", -- ," 3,05 ",Vinta
08-feb-26 09:40:22,08-feb-26 11:11:22,Hyeon Chung - Marco Trungelliti Hyeon Chung-Esito Finale | ID scommessa Betfair 1:417765081369 | ID Scommessa AdM bc00000000232090bb0a,Punta,2.04,"2,50", -- ," 2,60 ",Vinta
08-feb-26 09:42:20,08-feb-26 11:11:22,Hyeon Chung - Marco Trungelliti Hyeon Chung-Esito Finale | ID scommessa Betfair 1:417765193195 | ID Scommessa AdM bc0000000023209a190a,Punta,2.00,"3,50", -- ," 3,50 ",Vinta
08-feb-26 09:43:21,08-feb-26 11:11:22,Hyeon Chung - Marco Trungelliti Hyeon Chung-Esito Finale | ID scommessa Betfair 1:417765246691 | ID Scommessa AdM bc0000000061f15ad808,Punta,1.98,"2,50", -- ," 2,45 ",Vinta
08-feb-26 09:44:22,08-feb-26 11:11:22,Hyeon Chung - Marco Trungelliti Hyeon Chung-Esito Finale | ID scommessa Betfair 1:417765309328 | ID Scommessa AdM bc000000002320a1250a,Punta,1.92,"3,50", -- ," 3,21 ",Vinta
08-feb-26 09:45:22,08-feb-26 11:11:22,Hyeon Chung - Marco Trungelliti Hyeon Chung-Esito Finale | ID scommessa Betfair 1:417765376299 | ID Scommessa AdM bc000000003fbdc93809,Punta,2.24,"3,50", -- ," 4,34 ",Vinta
08-feb-26 09:48:23,08-feb-26 11:11:22,Hyeon Chung - Marco Trungelliti Hyeon Chung-Esito Finale | ID scommessa Betfair 1:417765527150 | ID Scommessa AdM bc0000000061f170b908,Punta,2.02,"2,50", -- ," 2,55 ",Vinta
08-feb-26 09:50:23,08-feb-26 11:11:22,Hyeon Chung - Marco Trungelliti Hyeon Chung-Esito Finale | ID scommessa Betfair 1:417765637523 | ID Scommessa AdM bc000000002320beb30a,Punta,1.94,"2,00", -- ," 1,88 ",Vinta
08-feb-26 09:52:22,08-feb-26 11:11:22,Hyeon Chung - Marco Trungelliti Hyeon Chung-Esito Finale | ID scommessa Betfair 1:417765734973 | ID Scommessa AdM bc000000003fbde88009,Punta,2.26,"3,50", -- ," 4,41 ",Vinta
08-feb-26 09:56:21,08-feb-26 11:11:22,Hyeon Chung - Marco Trungelliti Hyeon Chung-Esito Finale | ID scommessa Betfair 1:417765963206 | ID Scommessa AdM bc0000000061f1984c08,Punta,2.16,"2,00", -- ," 2,32 ",Vinta
08-feb-26 09:59:21,08-feb-26 11:11:22,Hyeon Chung - Marco Trungelliti Hyeon Chung-Esito Finale | ID scommessa Betfair 1:417766121041 | ID Scommessa AdM bc000000003fbe05f809,Punta,2.12,"2,00", -- ," 2,24 ",Vinta
08-feb-26 10:00:22,08-feb-26 11:11:22,Hyeon Chung - Marco Trungelliti Marco Trungelliti-Esito Finale | ID scommessa Betfair 1:417766176401 | ID Scommessa AdM bc000000002320e9960a,Punta,1.95,"4,00", -- ," -4,00 ",Persa
08-feb-26 10:01:21,08-feb-26 11:11:22,Hyeon Chung - Marco Trungelliti Hyeon Chung-Esito Finale | ID scommessa Betfair 1:417766234614 | ID Scommessa AdM bc000000003fbe0eb409,Punta,1.76,"2,00", -- ," 1,52 ",Vinta
08-feb-26 10:02:23,08-feb-26 11:11:22,Hyeon Chung - Marco Trungelliti Hyeon Chung-Esito Finale | ID scommessa Betfair 1:417766286055 | ID Scommessa AdM bc0000000061f1afa808,Punta,2.10,"2,00", -- ," 2,20 ",Vinta
08-feb-26 10:04:22,08-feb-26 11:11:22,Hyeon Chung - Marco Trungelliti Hyeon Chung-Esito Finale | ID scommessa Betfair 1:417766388961 | ID Scommessa AdM bc000000003fbe1c0c09,Punta,2.14,"3,00", -- ," 3,42 ",Vinta
08-feb-26 10:05:22,08-feb-26 11:11:22,Hyeon Chung - Marco Trungelliti Hyeon Chung-Esito Finale | ID scommessa Betfair 1:417766444660 | ID Scommessa AdM bc00000000232100ab0a,Punta,2.10,"3,00", -- ," 3,30 ",Vinta
08-feb-26 10:07:22,08-feb-26 11:11:22,Hyeon Chung - Marco Trungelliti Marco Trungelliti-Esito Finale | ID scommessa Betfair 1:417766547815 | ID Scommessa AdM bc000000003fbe291609,Punta,1.92,"3,00", -- ," -3,00 ",Persa
08-feb-26 10:08:22,08-feb-26 11:11:22,Hyeon Chung - Marco Trungelliti Marco Trungelliti-Esito Finale | ID scommessa Betfair 1:417766604311 | ID Scommessa AdM bc0000000023210d740a,Punta,1.94,"3,00", -- ," -3,00 ",Persa
08-feb-26 10:09:22,08-feb-26 11:11:22,Hyeon Chung - Marco Trungelliti Marco Trungelliti-Esito Finale | ID scommessa Betfair 1:417766654766 | ID Scommessa AdM bc000000003fbe303b09,Punta,1.93,"2,00", -- ," -2,00 ",Persa
08-feb-26 10:10:21,08-feb-26 11:11:22,Hyeon Chung - Marco Trungelliti Hyeon Chung-Esito Finale | ID scommessa Betfair 1:417766707880 | ID Scommessa AdM bc000000003fbe349a09,Punta,2.10,"3,00", -- ," 3,30 ",Vinta
08-feb-26 10:11:22,08-feb-26 11:11:22,Hyeon Chung - Marco Trungelliti Hyeon Chung-Esito Finale | ID scommessa Betfair 1:417766764631 | ID Scommessa AdM bc0000000023211a910a,Punta,2.10,"2,00", -- ," 2,20 ",Vinta
08-feb-26 10:12:23,08-feb-26 11:11:22,Hyeon Chung - Marco Trungelliti Marco Trungelliti-Esito Finale | ID scommessa Betfair 1:417766818446 | ID Scommessa AdM bc0000000023211e5f0a,Punta,1.76,"2,00", -- ," -2,00 ",Persa
08-feb-26 10:14:22,08-feb-26 11:11:22,Hyeon Chung - Marco Trungelliti Hyeon Chung-Esito Finale | ID scommessa Betfair 1:417766935997 | ID Scommessa AdM bc0000000061f1e34908,Punta,2.11,"2,50", -- ," 2,77 ",Vinta
08-feb-26 10:15:22,08-feb-26 11:11:22,Hyeon Chung - Marco Trungelliti Hyeon Chung-Esito Finale | ID scommessa Betfair 1:417766994018 | ID Scommessa AdM bc0000000023212e450a,Punta,2.06,"2,00", -- ," 2,12 ",Vinta
08-feb-26 10:16:22,08-feb-26 11:11:22,Hyeon Chung - Marco Trungelliti Hyeon Chung-Esito Finale | ID scommessa Betfair 1:417767057927 | ID Scommessa AdM bc000000003fbe536909,Punta,2.02,"2,00", -- ," 2,04 ",Vinta
08-feb-26 10:17:22,08-feb-26 11:11:22,Hyeon Chung - Marco Trungelliti Hyeon Chung-Esito Finale | ID scommessa Betfair 1:417767118834 | ID Scommessa AdM bc000000003fbe583e09,Punta,1.96,"3,00", -- ," 2,88 ",Vinta
08-feb-26 10:18:22,08-feb-26 11:11:22,Hyeon Chung - Marco Trungelliti Hyeon Chung-Esito Finale | ID scommessa Betfair 1:417767166506 | ID Scommessa AdM bc000000003fbe5bf909,Punta,1.98,"3,00", -- ," 2,94 ",Vinta
08-feb-26 10:19:22,08-feb-26 11:11:22,Hyeon Chung - Marco Trungelliti Hyeon Chung-Esito Finale | ID scommessa Betfair 1:417767221916 | ID Scommessa AdM bc0000000061f1f9ee08,Punta,1.74,"4,00", -- ," 2,96 ",Vinta
08-feb-26 10:21:21,08-feb-26 11:11:22,Hyeon Chung - Marco Trungelliti Hyeon Chung-Esito Finale | ID scommessa Betfair 1:417767324126 | ID Scommessa AdM bc0000000061f201bb08,Punta,1.52,"2,00", -- ," 1,04 ",Vinta
08-feb-26 10:22:22,08-feb-26 11:11:22,Hyeon Chung - Marco Trungelliti Hyeon Chung-Esito Finale | ID scommessa Betfair 1:417767383165 | ID Scommessa AdM bc0000000023214a1b0a,Punta,1.48,"2,00", -- ," 0,96 ",Vinta
08-feb-26 10:23:21,08-feb-26 11:11:22,Hyeon Chung - Marco Trungelliti Hyeon Chung-Esito Finale | ID scommessa Betfair 1:417767428475 | ID Scommessa AdM bc000000003fbe6ee909,Punta,1.48,"2,00", -- ," 0,96 ",Vinta
08-feb-26 10:24:23,08-feb-26 11:11:22,Hyeon Chung - Marco Trungelliti Hyeon Chung-Esito Finale | ID scommessa Betfair 1:417767467997 | ID Scommessa AdM bc000000003fbe724109,Punta,1.41,"3,00", -- ," 1,23 ",Vinta
08-feb-26 10:27:22,08-feb-26 11:11:22,Hyeon Chung - Marco Trungelliti Hyeon Chung-Esito Finale | ID scommessa Betfair 1:417767609176 | ID Scommessa AdM bc0000000023215f200a,Punta,1.54,"3,00", -- ," 1,62 ",Vinta
08-feb-26 10:28:22,08-feb-26 11:11:22,Hyeon Chung - Marco Trungelliti Hyeon Chung-Esito Finale | ID scommessa Betfair 1:417767671135 | ID Scommessa AdM bc000000003fbe86b909,Punta,1.76,"2,00", -- ," 1,52 ",Vinta
08-feb-26 10:29:23,08-feb-26 11:11:22,Hyeon Chung - Marco Trungelliti Hyeon Chung-Esito Finale | ID scommessa Betfair 1:417767723046 | ID Scommessa AdM bc0000000061f2281b08,Punta,1.83,"2,00", -- ," 1,66 ",Vinta
08-feb-26 10:31:23,08-feb-26 11:11:22,Hyeon Chung - Marco Trungelliti Hyeon Chung-Esito Finale | ID scommessa Betfair 1:417767825233 | ID Scommessa AdM bc000000003fbe941e09,Punta,2.00,"2,00", -- ," 2,00 ",Vinta
08-feb-26 10:34:23,08-feb-26 11:11:22,Hyeon Chung - Marco Trungelliti Hyeon Chung-Esito Finale | ID scommessa Betfair 1:417767972836 | ID Scommessa AdM bc0000000061f2409208,Punta,1.80,"2,00", -- ," 1,60 ",Vinta
08-feb-26 10:38:21,08-feb-26 11:11:22,Hyeon Chung - Marco Trungelliti Hyeon Chung-Esito Finale | ID scommessa Betfair 1:417768152025 | ID Scommessa AdM bc000000003fbeb2b609,Punta,1.80,"4,00", -- ," 3,20 ",Vinta
08-feb-26 10:42:23,08-feb-26 11:11:22,Hyeon Chung - Marco Trungelliti Hyeon Chung-Esito Finale | ID scommessa Betfair 1:417768379470 | ID Scommessa AdM bc000000003fbec87009,Punta,1.69,"0,06", -- ," 0,04 ",Vinta
08-feb-26 10:45:23,08-feb-26 11:11:22,Hyeon Chung - Marco Trungelliti Hyeon Chung-Esito Finale | ID scommessa Betfair 1:417768529806 | ID Scommessa AdM bc000000003fbed73709,Punta,1.45,"2,00", -- ," 0,90 ",Vinta
08-feb-26 10:49:23,08-feb-26 11:11:22,Hyeon Chung - Marco Trungelliti Hyeon Chung-Esito Finale | ID scommessa Betfair 1:417768702799 | ID Scommessa AdM bc0000000061f2871808,Punta,1.28,"2,00", -- ," 0,56 ",Vinta
08-feb-26 10:51:21,08-feb-26 11:11:22,Hyeon Chung - Marco Trungelliti Hyeon Chung-Esito Finale | ID scommessa Betfair 1:417768796318 | ID Scommessa AdM bc000000002321cfc60a,Punta,1.28,"3,50", -- ," 0,98 ",Vinta
08-feb-26 10:52:22,08-feb-26 11:11:22,Hyeon Chung - Marco Trungelliti Hyeon Chung-Esito Finale | ID scommessa Betfair 1:417768844702 | ID Scommessa AdM bc000000002321d4020a,Punta,1.32,"2,00", -- ," 0,64 ",Vinta
08-feb-26 09:03:21,08-feb-26 10:16:35,Wonju DB Promy - Seoul SK Knights Wonju DB Promy-Vincente incontro | ID scommessa Betfair 1:417763249017 | ID Scommessa AdM bc000000003fbd264c09,Punta,2.08,"3,50", -- ," -3,50 ",Persa
08-feb-26 09:07:21,08-feb-26 10:16:35,Wonju DB Promy - Seoul SK Knights Wonju DB Promy-Vincente incontro | ID scommessa Betfair 1:417763431850 | ID Scommessa AdM bc0000000061f0d10108,Punta,2.40,"2,00", -- ," -2,00 ",Persa
08-feb-26 09:20:21,08-feb-26 10:16:35,Wonju DB Promy - Seoul SK Knights Seoul SK Knights-Vincente incontro | ID scommessa Betfair 1:417764033343 | ID Scommessa AdM bc0000000023203dac0a,Punta,1.83,"2,00", -- ," 1,66 ",Vinta
08-feb-26 09:25:21,08-feb-26 10:16:35,Wonju DB Promy - Seoul SK Knights Seoul SK Knights-Vincente incontro | ID scommessa Betfair 1:417764306930 | ID Scommessa AdM bc000000003fbd6fa009,Punta,1.82,"2,50", -- ," 2,05 ",Vinta
08-feb-26 09:26:21,08-feb-26 10:16:35,Wonju DB Promy - Seoul SK Knights Wonju DB Promy-Vincente incontro | ID scommessa Betfair 1:417764365511 | ID Scommessa AdM bc00000000232054a20a,Punta,1.89,"3,00", -- ," -3,00 ",Persa
08-feb-26 09:27:21,08-feb-26 10:16:35,Wonju DB Promy - Seoul SK Knights Seoul SK Knights-Vincente incontro | ID scommessa Betfair 1:417764407301 | ID Scommessa AdM bc00000000232057290a,Punta,1.82,"2,00", -- ," 1,64 ",Vinta
08-feb-26 09:32:22,08-feb-26 10:16:35,Wonju DB Promy - Seoul SK Knights Seoul SK Knights-Vincente incontro | ID scommessa Betfair 1:417764661055 | ID Scommessa AdM bc000000003fbd8e2c09,Punta,1.71,"3,50", -- ," 2,49 ",Vinta
08-feb-26 09:39:21,08-feb-26 10:16:35,Wonju DB Promy - Seoul SK Knights Wonju DB Promy-Vincente incontro | ID scommessa Betfair 1:417765029264 | ID Scommessa AdM bc000000003fbdacf509,Punta,1.01,"2,50", -- ," -2,50 ",Persa
08-feb-26 08:56:22,08-feb-26 09:58:04,Lomakin - Ganta Lomakin-Esito Finale | ID scommessa Betfair 1:417762837292 | ID Scommessa AdM bc00000000231fea3f0a,Punta,1.68,"4,00", -- ," -4,00 ",Persa
08-feb-26 08:58:20,08-feb-26 09:58:04,Lomakin - Ganta Lomakin-Esito Finale | ID scommessa Betfair 1:417762962191 | ID Scommessa AdM bc0000000061f0afb908,Punta,1.67,"2,00", -- ," -2,00 ",Persa
08-feb-26 09:01:21,08-feb-26 09:58:04,Lomakin - Ganta Lomakin-Esito Finale | ID scommessa Betfair 1:417763141499 | ID Scommessa AdM bc000000003fbd1f0309,Punta,1.75,"2,00", -- ," -2,00 ",Persa
08-feb-26 09:02:21,08-feb-26 09:58:04,Lomakin - Ganta Lomakin-Esito Finale | ID scommessa Betfair 1:417763199984 | ID Scommessa AdM bc00000000232002440a,Punta,1.76,"2,50", -- ," -2,50 ",Persa
08-feb-26 09:05:21,08-feb-26 09:58:04,Lomakin - Ganta Lomakin-Esito Finale | ID scommessa Betfair 1:417763342691 | ID Scommessa AdM bc000000003fbd2cc809,Punta,1.86,"2,50", -- ," -2,50 ",Persa
08-feb-26 09:06:21,08-feb-26 09:58:04,Lomakin - Ganta Ganta-Esito Finale | ID scommessa Betfair 1:417763389298 | ID Scommessa AdM bc0000000061f0ce7b08,Punta,2.30,"3,00", -- ," 3,90 ",Vinta
08-feb-26 09:08:21,08-feb-26 09:58:04,Lomakin - Ganta Ganta-Esito Finale | ID scommessa Betfair 1:417763475169 | ID Scommessa AdM bc000000003fbd353409,Punta,2.20,"3,50", -- ," 4,20 ",Vinta
08-feb-26 09:09:22,08-feb-26 09:58:04,Lomakin - Ganta Ganta-Esito Finale | ID scommessa Betfair 1:417763519173 | ID Scommessa AdM bc0000000061f0d84708,Punta,1.41,"3,50", -- ," 1,44 ",Vinta
08-feb-26 09:11:20,08-feb-26 09:58:04,Lomakin - Ganta Lomakin-Esito Finale | ID scommessa Betfair 1:417763614259 | ID Scommessa AdM bc0000000023201e9e0a,Punta,2.96,"3,00", -- ," -3,00 ",Persa
08-feb-26 09:12:20,08-feb-26 09:58:04,Lomakin - Ganta Lomakin-Esito Finale | ID scommessa Betfair 1:417763654647 | ID Scommessa AdM bc000000003fbd421d09,Punta,2.96,"2,50", -- ," -2,50 ",Persa
08-feb-26 09:13:21,08-feb-26 09:58:04,Lomakin - Ganta Lomakin-Esito Finale | ID scommessa Betfair 1:417763698473 | ID Scommessa AdM bc000000003fbd451c09,Punta,1.63,"2,00", -- ," -2,00 ",Persa
08-feb-26 09:14:21,08-feb-26 09:58:04,Lomakin - Ganta Lomakin-Esito Finale | ID scommessa Betfair 1:417763742587 | ID Scommessa AdM bc000000003fbd47a809,Punta,1.83,"2,50", -- ," -2,50 ",Persa
08-feb-26 09:15:20,08-feb-26 09:58:04,Lomakin - Ganta Lomakin-Esito Finale | ID scommessa Betfair 1:417763788376 | ID Scommessa AdM bc000000003fbd4bd809,Punta,1.77,"2,00", -- ," -2,00 ",Persa
08-feb-26 09:17:21,08-feb-26 09:58:04,Lomakin - Ganta Ganta-Esito Finale | ID scommessa Betfair 1:417763877736 | ID Scommessa AdM bc00000000232033100a,Punta,1.80,"2,50", -- ," 2,00 ",Vinta
08-feb-26 09:18:21,08-feb-26 09:58:04,Lomakin - Ganta Ganta-Esito Finale | ID scommessa Betfair 1:417763928624 | ID Scommessa AdM bc00000000232036d10a,Punta,1.51,"3,00", -- ," 1,53 ",Vinta
08-feb-26 09:19:20,08-feb-26 09:58:04,Lomakin - Ganta Lomakin-Esito Finale | ID scommessa Betfair 1:417763982807 | ID Scommessa AdM bc0000000023203a6c0a,Punta,3.05,"3,50", -- ," -3,50 ",Persa
08-feb-26 09:22:22,08-feb-26 09:58:04,Lomakin - Ganta Ganta-Esito Finale | ID scommessa Betfair 1:417764149563 | ID Scommessa AdM bc0000000061f1048608,Punta,1.30,"2,00", -- ," 0,60 ",Vinta
08-feb-26 09:24:21,08-feb-26 09:58:04,Lomakin - Ganta Ganta-Esito Finale | ID scommessa Betfair 1:417764253674 | ID Scommessa AdM bc0000000061f10aea08,Punta,1.34,"3,00", -- ," 1,02 ",Vinta
08-feb-26 09:29:21,08-feb-26 09:58:04,Lomakin - Ganta Lomakin-Esito Finale | ID scommessa Betfair 1:417764497796 | ID Scommessa AdM bc0000000061f11b4d08,Punta,3.75,"3,50", -- ," -3,50 ",Persa
08-feb-26 09:30:22,08-feb-26 09:58:04,Lomakin - Ganta Lomakin-Esito Finale | ID scommessa Betfair 1:417764556249 | ID Scommessa AdM bc00000000232063a40a,Punta,3.25,"3,50", -- ," -3,50 ",Persa
08-feb-26 09:34:21,08-feb-26 09:58:04,Lomakin - Ganta Ganta-Esito Finale | ID scommessa Betfair 1:417764776071 | ID Scommessa AdM bc00000000232075b70a,Punta,1.27,"3,00", -- ," 0,81 ",Vinta
08-feb-26 09:35:21,08-feb-26 09:58:04,Lomakin - Ganta Lomakin-Esito Finale | ID scommessa Betfair 1:417764828957 | ID Scommessa AdM bc000000003fbd9c6809,Punta,5.00,"3,00", -- ," -3,00 ",Persa
08-feb-26 09:53:22,08-feb-26 09:58:04,Lomakin - Ganta Ganta-Esito Finale | ID scommessa Betfair 1:417765791737 | ID Scommessa AdM bc000000002320cc7f0a,Punta,1.61,"2,50", -- ," 1,53 ",Vinta
08-feb-26 09:54:23,08-feb-26 09:58:04,Lomakin - Ganta Ganta-Esito Finale | ID scommessa Betfair 1:417765860814 | ID Scommessa AdM bc000000002320d3630a,Punta,2.04,"2,50", -- ," 2,60 ",Vinta
08-feb-26 08:12:19,08-feb-26 09:11:54,Soonwoo Kwon - Thiago Agustin Tirante Soonwoo Kwon-Esito Finale | ID scommessa Betfair 1:417760487319 | ID Scommessa AdM bc000000003fbc60ad09,Punta,1.60,"3,00", -- ," 1,80 ",Vinta
08-feb-26 08:17:21,08-feb-26 09:11:54,Soonwoo Kwon - Thiago Agustin Tirante Soonwoo Kwon-Esito Finale | ID scommessa Betfair 1:417760742395 | ID Scommessa AdM bc000000003fbc723009,Punta,1.51,"3,00", -- ," 1,53 ",Vinta
08-feb-26 08:21:20,08-feb-26 09:11:54,Soonwoo Kwon - Thiago Agustin Tirante Thiago Agustin Tirante-Esito Finale | ID scommessa Betfair 1:417760952539 | ID Scommessa AdM bc000000003fbc801e09,Punta,5.30,"3,00", -- ," -3,00 ",Persa
08-feb-26 08:22:20,08-feb-26 09:11:54,Soonwoo Kwon - Thiago Agustin Tirante Soonwoo Kwon-Esito Finale | ID scommessa Betfair 1:417760999820 | ID Scommessa AdM bc000000003fbc835e09,Punta,1.35,"4,00", -- ," 1,40 ",Vinta
08-feb-26 08:26:21,08-feb-26 09:11:54,Soonwoo Kwon - Thiago Agustin Tirante Soonwoo Kwon-Esito Finale | ID scommessa Betfair 1:417761211518 | ID Scommessa AdM bc0000000061f02e6b08,Punta,1.67,"2,00", -- ," 1,34 ",Vinta
08-feb-26 08:27:22,08-feb-26 09:11:54,Soonwoo Kwon - Thiago Agustin Tirante Soonwoo Kwon-Esito Finale | ID scommessa Betfair 1:417761268456 | ID Scommessa AdM bc00000000231f76190a,Punta,1.64,"2,00", -- ," 1,28 ",Vinta
08-feb-26 08:29:22,08-feb-26 09:11:54,Soonwoo Kwon - Thiago Agustin Tirante Soonwoo Kwon-Esito Finale | ID scommessa Betfair 1:417761360649 | ID Scommessa AdM bc0000000061f03a4908,Punta,1.64,"3,00", -- ," 1,92 ",Vinta
08-feb-26 08:31:21,08-feb-26 09:11:54,Soonwoo Kwon - Thiago Agustin Tirante Soonwoo Kwon-Esito Finale | ID scommessa Betfair 1:417761462017 | ID Scommessa AdM bc0000000061f0411008,Punta,1.92,"2,50", -- ," 2,30 ",Vinta
08-feb-26 08:33:20,08-feb-26 09:11:54,Soonwoo Kwon - Thiago Agustin Tirante Soonwoo Kwon-Esito Finale | ID scommessa Betfair 1:417761568895 | ID Scommessa AdM bc000000003fbcad4b09,Punta,1.98,"3,00", -- ," 2,94 ",Vinta
08-feb-26 08:34:21,08-feb-26 09:11:54,Soonwoo Kwon - Thiago Agustin Tirante Soonwoo Kwon-Esito Finale | ID scommessa Betfair 1:417761627384 | ID Scommessa AdM bc00000000231f93780a,Punta,1.92,"2,50", -- ," 2,30 ",Vinta
08-feb-26 08:36:21,08-feb-26 09:11:54,Soonwoo Kwon - Thiago Agustin Tirante Thiago Agustin Tirante-Esito Finale | ID scommessa Betfair 1:417761735804 | ID Scommessa AdM bc000000003fbcba2a09,Punta,1.90,"2,50", -- ," -2,50 ",Persa
08-feb-26 08:42:21,08-feb-26 09:11:54,Soonwoo Kwon - Thiago Agustin Tirante Thiago Agustin Tirante-Esito Finale | ID scommessa Betfair 1:417762064003 | ID Scommessa AdM bc00000000231fb1730a,Punta,1.52,"2,00", -- ," -2,00 ",Persa
08-feb-26 08:49:21,08-feb-26 09:11:54,Soonwoo Kwon - Thiago Agustin Tirante Thiago Agustin Tirante-Esito Finale | ID scommessa Betfair 1:417762461336 | ID Scommessa AdM bc00000000231fcfc80a,Punta,2.66,"3,00", -- ," -3,00 ",Persa
08-feb-26 08:50:21,08-feb-26 09:11:54,Soonwoo Kwon - Thiago Agustin Tirante Soonwoo Kwon-Esito Finale | ID scommessa Betfair 1:417762522161 | ID Scommessa AdM bc00000000231fd4120a,Punta,1.01,"2,00", -- ," 0,02 ",Vinta
08-feb-26 08:52:22,08-feb-26 09:11:54,Soonwoo Kwon - Thiago Agustin Tirante Soonwoo Kwon-Esito Finale | ID scommessa Betfair 1:417762624626 | ID Scommessa AdM bc00000000231fdccc0a,Punta,1.12,"2,00", -- ," 0,24 ",Vinta
08-feb-26 08:55:22,08-feb-26 09:11:54,Soonwoo Kwon - Thiago Agustin Tirante Soonwoo Kwon-Esito Finale | ID scommessa Betfair 1:417762788843 | ID Scommessa AdM bc000000003fbd075209,Punta,1.09,"2,00", -- ," 0,18 ",Vinta
08-feb-26 08:59:23,08-feb-26 09:11:54,Soonwoo Kwon - Thiago Agustin Tirante Soonwoo Kwon-Esito Finale | ID scommessa Betfair 1:417763026527 | ID Scommessa AdM bc00000000231ff86e0a,Punta,1.11,"2,00", -- ," 0,22 ",Vinta
08-feb-26 08:37:21,08-feb-26 09:00:02,"Adelaide United - Newcastle Jets Under 5,5 goal-Over/Under 5,5 gol | ID scommessa Betfair 1:417761791939 | ID Scommessa AdM bc00000000231f9fdc0a",Punta,2.60,"3,00", -- ," 4,80 ",Vinta
08-feb-26 07:02:20,08-feb-26 09:00:00,Adelaide United - Newcastle Jets Newcastle Jets-Esito Finale | ID scommessa Betfair 1:417756693260 | ID Scommessa AdM bc00000000231e237a0a,Punta,2.16,"3,00", -- ," 3,48 ",Vinta
08-feb-26 07:48:22,08-feb-26 09:00:00,Adelaide United - Newcastle Jets Newcastle Jets-Esito Finale | ID scommessa Betfair 1:417759368965 | ID Scommessa AdM bc00000000231eed4a0a,Punta,1.46,"3,00", -- ," 1,38 ",Vinta
08-feb-26 08:10:21,08-feb-26 09:00:00,Adelaide United - Newcastle Jets Newcastle Jets-Esito Finale | ID scommessa Betfair 1:417760393616 | ID Scommessa AdM bc00000000231f398a0a,Punta,1.47,"3,00", -- ," 1,41 ",Vinta
08-feb-26 06:12:20,08-feb-26 08:40:50,Lo Bathrinath v Ad Balsekar Lo Bathrinath-Esito Finale | ID scommessa Betfair 1:417753927368 | ID Scommessa AdM bc000000003fba7c9109,Punta,2.12,"3,00", -- ," -3,00 ",Persa
08-feb-26 06:14:19,08-feb-26 08:40:50,Lo Bathrinath v Ad Balsekar Ad Balsekar-Esito Finale | ID scommessa Betfair 1:417754034313 | ID Scommessa AdM bc00000000231d64470a,Punta,1.84,"2,00", -- ," 1,68 ",Vinta
08-feb-26 06:15:20,08-feb-26 08:40:50,Lo Bathrinath v Ad Balsekar Lo Bathrinath-Esito Finale | ID scommessa Betfair 1:417754093729 | ID Scommessa AdM bc000000003fba89b009,Punta,2.74,"2,50", -- ," -2,50 ",Persa
08-feb-26 07:04:21,08-feb-26 08:40:50,Lo Bathrinath v Ad Balsekar Ad Balsekar-Esito Finale | ID scommessa Betfair 1:417756816601 | ID Scommessa AdM bc000000003fbb4fb709,Punta,1.22,"2,50", -- ," 0,55 ",Vinta
08-feb-26 07:44:21,08-feb-26 08:40:50,Lo Bathrinath v Ad Balsekar Ad Balsekar-Esito Finale | ID scommessa Betfair 1:417759177792 | ID Scommessa AdM bc00000000231ee02b0a,Punta,1.42,"2,00", -- ," 0,84 ",Vinta
08-feb-26 07:50:23,08-feb-26 08:40:50,Lo Bathrinath v Ad Balsekar Lo Bathrinath-Esito Finale | ID scommessa Betfair 1:417759461782 | ID Scommessa AdM bc00000000231ef4f90a,Punta,2.18,"3,00", -- ," -3,00 ",Persa
08-feb-26 07:53:21,08-feb-26 08:40:50,Lo Bathrinath v Ad Balsekar Ad Balsekar-Esito Finale | ID scommessa Betfair 1:417759601552 | ID Scommessa AdM bc0000000061efbb4808,Punta,1.78,"3,00", -- ," 2,34 ",Vinta
08-feb-26 07:55:21,08-feb-26 08:40:50,Lo Bathrinath v Ad Balsekar Ad Balsekar-Esito Finale | ID scommessa Betfair 1:417759696511 | ID Scommessa AdM bc000000003fbc211809,Punta,1.78,"2,50", -- ," 1,95 ",Vinta
08-feb-26 08:32:21,08-feb-26 08:34:46,"Adelaide United - Newcastle Jets Under 4,5 goal-Over/Under 4,5 gol | ID scommessa Betfair 1:417761515977 | ID Scommessa AdM bc0000000061f044dd08",Punta,3.50,"1,20", -- ," -1,20 ",Persa
08-feb-26 08:16:20,08-feb-26 08:26:08,"Adelaide United - Newcastle Jets Under 3,5 goal-Over/Under 3,5 gol | ID scommessa Betfair 1:417760689996 | ID Scommessa AdM bc0000000061f00a1e08",Punta,6.80,"4,00", -- ," -4,00 ",Persa
08-feb-26 08:19:22,08-feb-26 08:26:08,"Adelaide United - Newcastle Jets Under 3,5 goal-Over/Under 3,5 gol | ID scommessa Betfair 1:417760851642 | ID Scommessa AdM bc0000000061f0162d08",Punta,6.60,"3,50", -- ," -3,50 ",Persa
08-feb-26 07:22:21,08-feb-26 08:15:34,Adelaide United - Newcastle Jets Sì-Entrambe le squadre a segno | ID scommessa Betfair 1:417757929657 | ID Scommessa AdM bc0000000061ef3ff008,Punta,1.55,"3,00", -- ," 1,65 ",Vinta
08-feb-26 07:24:22,08-feb-26 08:15:34,"Adelaide United - Newcastle Jets Over 2,5 goal-Over/Under 2,5 gol | ID scommessa Betfair 1:417758046599 | ID Scommessa AdM bc0000000061ef492b08",Punta,1.65,"3,00", -- ," 1,95 ",Vinta
08-feb-26 07:27:21,08-feb-26 08:15:34,Adelaide United - Newcastle Jets Sì-Entrambe le squadre a segno | ID scommessa Betfair 1:417758226791 | ID Scommessa AdM bc00000000231e9d030a,Punta,1.63,"2,50", -- ," 1,58 ",Vinta
08-feb-26 07:29:22,08-feb-26 08:15:34,Adelaide United - Newcastle Jets Sì-Entrambe le squadre a segno | ID scommessa Betfair 1:417758341259 | ID Scommessa AdM bc000000003fbbbe5a09,Punta,1.67,"2,50", -- ," 1,68 ",Vinta
08-feb-26 07:41:20,08-feb-26 08:15:34,"Adelaide United - Newcastle Jets Under 2,5 goal-Over/Under 2,5 gol | ID scommessa Betfair 1:417759022561 | ID Scommessa AdM bc0000000061ef92b108",Punta,1.82,"3,00", -- ," -3,00 ",Persa
08-feb-26 07:43:21,08-feb-26 08:15:34,Adelaide United - Newcastle Jets Sì-Entrambe le squadre a segno | ID scommessa Betfair 1:417759128680 | ID Scommessa AdM bc000000003fbbf8f909,Punta,2.00,"3,00", -- ," 3,00 ",Vinta
08-feb-26 07:52:20,08-feb-26 08:15:34,Adelaide United - Newcastle Jets Sì-Entrambe le squadre a segno | ID scommessa Betfair 1:417759552855 | ID Scommessa AdM bc00000000231efa230a,Punta,1.52,"4,50", -- ," 2,34 ",Vinta
08-feb-26 07:56:21,08-feb-26 08:15:34,"Adelaide United - Newcastle Jets Over 2,5 goal-Over/Under 2,5 gol | ID scommessa Betfair 1:417759759518 | ID Scommessa AdM bc000000003fbc275f09",Punta,1.54,"3,00", -- ," 1,62 ",Vinta
08-feb-26 07:57:22,08-feb-26 08:15:34,"Adelaide United - Newcastle Jets Under 2,5 goal-Over/Under 2,5 gol | ID scommessa Betfair 1:417759810494 | ID Scommessa AdM bc00000000231f0bdd0a",Punta,2.82,"3,00", -- ," -3,00 ",Persa
08-feb-26 07:59:21,08-feb-26 08:15:34,"Adelaide United - Newcastle Jets Under 2,5 goal-Over/Under 2,5 gol | ID scommessa Betfair 1:417759902101 | ID Scommessa AdM bc0000000061efd0e908",Punta,2.82,"2,50", -- ," -2,50 ",Persa
08-feb-26 08:00:21,08-feb-26 08:15:34,"Adelaide United - Newcastle Jets Over 2,5 goal-Over/Under 2,5 gol | ID scommessa Betfair 1:417759955474 | ID Scommessa AdM bc000000003fbc398809",Punta,1.53,"3,00", -- ," 1,59 ",Vinta
08-feb-26 08:02:21,08-feb-26 08:15:34,"Adelaide United - Newcastle Jets Under 2,5 goal-Over/Under 2,5 gol | ID scommessa Betfair 1:417760036258 | ID Scommessa AdM bc0000000061efdc6308",Punta,2.82,"2,50", -- ," -2,50 ",Persa
08-feb-26 08:06:20,08-feb-26 08:15:34,"Adelaide United - Newcastle Jets Over 2,5 goal-Over/Under 2,5 gol | ID scommessa Betfair 1:417760203729 | ID Scommessa AdM bc00000000231f2ba00a",Punta,1.56,"2,00", -- ," 1,12 ",Vinta
08-feb-26 08:07:19,08-feb-26 08:15:34,"Adelaide United - Newcastle Jets Over 2,5 goal-Over/Under 2,5 gol | ID scommessa Betfair 1:417760249629 | ID Scommessa AdM bc000000003fbc4f9809",Punta,1.56,"3,00", -- ," 1,68 ",Vinta
08-feb-26 08:08:21,08-feb-26 08:15:34,"Adelaide United - Newcastle Jets Under 2,5 goal-Over/Under 2,5 gol | ID scommessa Betfair 1:417760296995 | ID Scommessa AdM bc00000000231f33170a",Punta,2.70,"3,00", -- ," -3,00 ",Persa
08-feb-26 08:09:21,08-feb-26 08:15:34,Adelaide United - Newcastle Jets Sì-Entrambe le squadre a segno | ID scommessa Betfair 1:417760343459 | ID Scommessa AdM bc000000003fbc562d09,Punta,1.57,"2,50", -- ," 1,43 ",Vinta
08-feb-26 08:13:21,08-feb-26 08:15:34,"Adelaide United - Newcastle Jets Under 2,5 goal-Over/Under 2,5 gol | ID scommessa Betfair 1:417760533590 | ID Scommessa AdM bc0000000061f0002208",Punta,6.40,"3,00", -- ," -3,00 ",Persa
08-feb-26 07:09:22,08-feb-26 07:50:54,"Adelaide United - Newcastle Jets Under 1,5 goal-1º tempo - Totale goal 1,5 | ID scommessa Betfair 1:417757122009 | ID Scommessa AdM bc0000000061ef03eb08",Punta,1.74,"2,50", -- ," 1,85 ",Vinta
08-feb-26 07:14:22,08-feb-26 07:47:50,"Adelaide United - Newcastle Jets Over 0,5 goal-Over/Under 0,5 gol | ID scommessa Betfair 1:417757429650 | ID Scommessa AdM bc0000000061ef1a8708",Punta,1.02,"2,50", -- ," 0,05 ",Vinta
08-feb-26 07:20:20,08-feb-26 07:47:50,"Adelaide United - Newcastle Jets Under 0,5 goal-1º tempo - Totale goal 0,5 | ID scommessa Betfair 1:417757815284 | ID Scommessa AdM bc000000003fbb986a09",Punta,3.00,"2,50", -- ," -2,50 ",Persa
08-feb-26 07:21:21,08-feb-26 07:47:50,"Adelaide United - Newcastle Jets Over 0,5 goal-Over/Under 0,5 gol | ID scommessa Betfair 1:417757874643 | ID Scommessa AdM bc0000000061ef3b7008",Punta,1.03,"4,00", -- ," 0,12 ",Vinta
08-feb-26 07:26:20,08-feb-26 07:47:50,"Adelaide United - Newcastle Jets Over 0,5 goal-1º tempo - Totale goal 0,5 | ID scommessa Betfair 1:417758168560 | ID Scommessa AdM bc000000003fbbb29109",Punta,1.63,"2,00", -- ," 1,26 ",Vinta
08-feb-26 06:06:21,08-feb-26 07:19:40,Sweeny - Schoolkate Sweeny-Esito Finale | ID scommessa Betfair 1:417753575840 | ID Scommessa AdM bc00000000231d3e6b0a,Punta,4.60,"3,00", -- ," 10,80 ",Vinta
08-feb-26 06:16:19,08-feb-26 07:19:40,Sweeny - Schoolkate Schoolkate-Esito Finale | ID scommessa Betfair 1:417754148676 | ID Scommessa AdM bc0000000061ee294e08,Punta,1.79,"2,50", -- ," -2,50 ",Persa
08-feb-26 06:18:19,08-feb-26 07:19:40,Sweeny - Schoolkate Sweeny-Esito Finale | ID scommessa Betfair 1:417754246955 | ID Scommessa AdM bc0000000061ee2fc608,Punta,2.14,"2,00", -- ," 2,28 ",Vinta
08-feb-26 06:20:20,08-feb-26 07:19:40,Sweeny - Schoolkate Sweeny-Esito Finale | ID scommessa Betfair 1:417754343405 | ID Scommessa AdM bc000000003fba9c5809,Punta,2.16,"2,00", -- ," 2,32 ",Vinta
08-feb-26 06:21:20,08-feb-26 07:19:40,Sweeny - Schoolkate Schoolkate-Esito Finale | ID scommessa Betfair 1:417754387316 | ID Scommessa AdM bc00000000231d81b20a,Punta,1.84,"2,50", -- ," -2,50 ",Persa
08-feb-26 06:22:20,08-feb-26 07:19:40,Sweeny - Schoolkate Schoolkate-Esito Finale | ID scommessa Betfair 1:417754435151 | ID Scommessa AdM bc000000003fbaa49709,Punta,1.84,"2,00", -- ," -2,00 ",Persa
08-feb-26 06:23:20,08-feb-26 07:19:40,Sweeny - Schoolkate Schoolkate-Esito Finale | ID scommessa Betfair 1:417754483758 | ID Scommessa AdM bc0000000061ee448308,Punta,1.64,"2,50", -- ," -2,50 ",Persa
08-feb-26 06:24:19,08-feb-26 07:19:40,Sweeny - Schoolkate Sweeny-Esito Finale | ID scommessa Betfair 1:417754530771 | ID Scommessa AdM bc00000000231d8c840a,Punta,2.44,"2,00", -- ," 2,88 ",Vinta
08-feb-26 06:27:18,08-feb-26 07:19:40,Sweeny - Schoolkate Sweeny-Esito Finale | ID scommessa Betfair 1:417754684970 | ID Scommessa AdM bc000000003fbab7f009,Punta,2.36,"2,00", -- ," 2,72 ",Vinta
08-feb-26 06:29:20,08-feb-26 07:19:40,Sweeny - Schoolkate Sweeny-Esito Finale | ID scommessa Betfair 1:417754788269 | ID Scommessa AdM bc00000000231d9fc20a,Punta,2.38,"2,00", -- ," 2,76 ",Vinta
08-feb-26 06:30:20,08-feb-26 07:19:40,Sweeny - Schoolkate Schoolkate-Esito Finale | ID scommessa Betfair 1:417754852659 | ID Scommessa AdM bc00000000231da3f80a,Punta,1.65,"2,00", -- ," -2,00 ",Persa
08-feb-26 06:32:19,08-feb-26 07:19:40,Sweeny - Schoolkate Schoolkate-Esito Finale | ID scommessa Betfair 1:417754960297 | ID Scommessa AdM bc000000003fbacb4709,Punta,1.71,"3,00", -- ," -3,00 ",Persa
08-feb-26 06:33:19,08-feb-26 07:19:40,Sweeny - Schoolkate Schoolkate-Esito Finale | ID scommessa Betfair 1:417755017303 | ID Scommessa AdM bc0000000061ee6a1f08,Punta,1.78,"2,00", -- ," -2,00 ",Persa
08-feb-26 06:34:19,08-feb-26 07:19:40,Sweeny - Schoolkate Schoolkate-Esito Finale | ID scommessa Betfair 1:417755078689 | ID Scommessa AdM bc000000003fbad0f809,Punta,1.72,"2,00", -- ," -2,00 ",Persa
08-feb-26 06:37:19,08-feb-26 07:19:40,Sweeny - Schoolkate Sweeny-Esito Finale | ID scommessa Betfair 1:417755255821 | ID Scommessa AdM bc000000003fbadaaf09,Punta,1.97,"2,00", -- ," 1,94 ",Vinta
08-feb-26 06:38:19,08-feb-26 07:19:40,Sweeny - Schoolkate Sweeny-Esito Finale | ID scommessa Betfair 1:417755312041 | ID Scommessa AdM bc000000003fbadf0709,Punta,2.22,"3,00", -- ," 3,66 ",Vinta
08-feb-26 06:39:20,08-feb-26 07:19:40,Sweeny - Schoolkate Schoolkate-Esito Finale | ID scommessa Betfair 1:417755372085 | ID Scommessa AdM bc0000000061ee7dd108,Punta,1.68,"2,00", -- ," -2,00 ",Persa
08-feb-26 06:42:20,08-feb-26 07:19:40,Sweeny - Schoolkate Schoolkate-Esito Finale | ID scommessa Betfair 1:417755562471 | ID Scommessa AdM bc00000000231dcebf0a,Punta,1.68,"3,00", -- ," -3,00 ",Persa
08-feb-26 06:43:20,08-feb-26 07:19:40,Sweeny - Schoolkate Schoolkate-Esito Finale | ID scommessa Betfair 1:417755632894 | ID Scommessa AdM bc0000000061ee8da208,Punta,1.75,"2,00", -- ," -2,00 ",Persa
08-feb-26 06:44:21,08-feb-26 07:19:40,Sweeny - Schoolkate Schoolkate-Esito Finale | ID scommessa Betfair 1:417755690072 | ID Scommessa AdM bc0000000061ee90c508,Punta,1.85,"2,00", -- ," -2,00 ",Persa
08-feb-26 06:45:20,08-feb-26 07:19:40,Sweeny - Schoolkate Schoolkate-Esito Finale | ID scommessa Betfair 1:417755755855 | ID Scommessa AdM bc000000003fbafb8e09,Punta,1.84,"3,00", -- ," -3,00 ",Persa
08-feb-26 06:47:20,08-feb-26 07:19:40,Sweeny - Schoolkate Schoolkate-Esito Finale | ID scommessa Betfair 1:417755869495 | ID Scommessa AdM bc0000000061ee9bbf08,Punta,1.66,"2,00", -- ," -2,00 ",Persa
08-feb-26 06:48:21,08-feb-26 07:19:40,Sweeny - Schoolkate Sweeny-Esito Finale | ID scommessa Betfair 1:417755925541 | ID Scommessa AdM bc0000000061ee9ece08,Punta,2.30,"2,00", -- ," 2,60 ",Vinta
08-feb-26 06:49:22,08-feb-26 07:19:40,Sweeny - Schoolkate Schoolkate-Esito Finale | ID scommessa Betfair 1:417755977412 | ID Scommessa AdM bc0000000061eea1f008,Punta,1.73,"2,00", -- ," -2,00 ",Persa
08-feb-26 06:52:21,08-feb-26 07:19:40,Sweeny - Schoolkate Schoolkate-Esito Finale | ID scommessa Betfair 1:417756127825 | ID Scommessa AdM bc0000000061eeab1e08,Punta,2.10,"3,00", -- ," -3,00 ",Persa
08-feb-26 06:54:20,08-feb-26 07:19:40,Sweeny - Schoolkate Sweeny-Esito Finale | ID scommessa Betfair 1:417756234226 | ID Scommessa AdM bc0000000061eeb2b108,Punta,1.62,"2,00", -- ," 1,24 ",Vinta
08-feb-26 06:55:20,08-feb-26 07:19:40,Sweeny - Schoolkate Sweeny-Esito Finale | ID scommessa Betfair 1:417756287679 | ID Scommessa AdM bc00000000231dfea00a,Punta,1.21,"2,00", -- ," 0,42 ",Vinta
08-feb-26 06:56:20,08-feb-26 07:19:40,Sweeny - Schoolkate Sweeny-Esito Finale | ID scommessa Betfair 1:417756333106 | ID Scommessa AdM bc000000003fbb221e09,Punta,1.35,"2,00", -- ," 0,70 ",Vinta
08-feb-26 06:57:20,08-feb-26 07:19:40,Sweeny - Schoolkate Sweeny-Esito Finale | ID scommessa Betfair 1:417756380597 | ID Scommessa AdM bc0000000061eebcce08,Punta,2.22,"2,00", -- ," 2,44 ",Vinta
08-feb-26 06:59:19,08-feb-26 07:19:40,Sweeny - Schoolkate Sweeny-Esito Finale | ID scommessa Betfair 1:417756484104 | ID Scommessa AdM bc00000000231e0d3a0a,Punta,2.38,"2,00", -- ," 2,76 ",Vinta
08-feb-26 07:00:20,08-feb-26 07:19:40,Sweeny - Schoolkate Schoolkate-Esito Finale | ID scommessa Betfair 1:417756546543 | ID Scommessa AdM bc0000000061eecc7a08,Punta,1.63,"3,00", -- ," -3,00 ",Persa
08-feb-26 07:01:21,08-feb-26 07:19:40,Sweeny - Schoolkate Schoolkate-Esito Finale | ID scommessa Betfair 1:417756618221 | ID Scommessa AdM bc00000000231e1b880a,Punta,1.39,"3,00", -- ," -3,00 ",Persa
08-feb-26 07:03:20,08-feb-26 07:19:40,Sweeny - Schoolkate Sweeny-Esito Finale | ID scommessa Betfair 1:417756750771 | ID Scommessa AdM bc000000003fbb474c09,Punta,2.10,"2,00", -- ," 2,20 ",Vinta
08-feb-26 07:06:20,08-feb-26 07:19:40,Sweeny - Schoolkate Sweeny-Esito Finale | ID scommessa Betfair 1:417756939535 | ID Scommessa AdM bc000000003fbb59c509,Punta,2.22,"3,00", -- ," 3,66 ",Vinta
08-feb-26 07:07:22,08-feb-26 07:19:40,Sweeny - Schoolkate Sweeny-Esito Finale | ID scommessa Betfair 1:417756999606 | ID Scommessa AdM bc000000003fbb5e9809,Punta,2.40,"2,50", -- ," 3,50 ",Vinta
08-feb-26 05:56:20,08-feb-26 06:35:39,Du Markovina v Joshu Charlton Joshu Charlton-Esito Finale | ID scommessa Betfair 1:417753012868 | ID Scommessa AdM bc0000000061edce3108,Punta,1.41,"3,00", -- ," -3,00 ",Persa
08-feb-26 05:58:19,08-feb-26 06:35:39,Du Markovina v Joshu Charlton Joshu Charlton-Esito Finale | ID scommessa Betfair 1:417753119446 | ID Scommessa AdM bc00000000231d183c0a,Punta,1.50,"3,00", -- ," -3,00 ",Persa
08-feb-26 06:08:21,08-feb-26 06:35:39,Du Markovina v Joshu Charlton Joshu Charlton-Esito Finale | ID scommessa Betfair 1:417753703440 | ID Scommessa AdM bc00000000231d4ae10a,Punta,1.42,"3,00", -- ," -3,00 ",Persa
08-feb-26 06:09:20,08-feb-26 06:35:39,Du Markovina v Joshu Charlton Du Markovina-Esito Finale | ID scommessa Betfair 1:417753755932 | ID Scommessa AdM bc00000000231d4ffc0a,Punta,2.92,"3,00", -- ," 5,76 ",Vinta
08-feb-26 06:10:20,08-feb-26 06:35:39,Du Markovina v Joshu Charlton Du Markovina-Esito Finale | ID scommessa Betfair 1:417753815054 | ID Scommessa AdM bc00000000231d53e50a,Punta,2.98,"2,00", -- ," 3,96 ",Vinta
08-feb-26 06:26:20,08-feb-26 06:35:39,Du Markovina v Joshu Charlton Joshu Charlton-Esito Finale | ID scommessa Betfair 1:417754636778 | ID Scommessa AdM bc0000000061ee4efe08,Punta,1.55,"2,50", -- ," -2,50 ",Persa
08-feb-26 06:28:20,08-feb-26 06:35:39,Du Markovina v Joshu Charlton Joshu Charlton-Esito Finale | ID scommessa Betfair 1:417754736535 | ID Scommessa AdM bc0000000061ee582708,Punta,2.68,"3,00", -- ," -3,00 ",Persa
08-feb-26 06:31:06,08-feb-26 06:35:39,Du Markovina v Joshu Charlton Du Markovina-Esito Finale | ID scommessa Betfair 1:417754893277 | ID Scommessa AdM bc0000000061ee630b08,Punta,2.40,"4,24", -- ," 5,94 ",Vinta
08-feb-26 05:59:19,08-feb-26 06:22:31,Portland Trail Blazers - Memphis Grizzlies Portland Trail Blazers-Vincente incontro | ID scommessa Betfair 1:417753168588 | ID Scommessa AdM bc0000000061eddb0008,Punta,2.20,"2,50", -- ," 3,00 ",Vinta
08-feb-26 06:00:20,08-feb-26 06:22:31,Portland Trail Blazers - Memphis Grizzlies Portland Trail Blazers-Vincente incontro | ID scommessa Betfair 1:417753224859 | ID Scommessa AdM bc000000003fba450b09,Punta,2.14,"3,00", -- ," 3,42 ",Vinta
08-feb-26 06:01:19,08-feb-26 06:22:31,Portland Trail Blazers - Memphis Grizzlies Portland Trail Blazers-Vincente incontro | ID scommessa Betfair 1:417753281989 | ID Scommessa AdM bc00000000231d27020a,Punta,2.20,"2,00", -- ," 2,40 ",Vinta
08-feb-26 06:04:20,08-feb-26 06:12:51,Y Mochizuki - Walkin Walkin-Esito Finale | ID scommessa Betfair 1:417753425612 | ID Scommessa AdM bc00000000231d318f0a,Punta,13.50,"2,00", -- ," -2,00 ",Persa
08-feb-26 05:54:21,08-feb-26 06:06:36,"CF America - Monterrey Over 1,5 goal-Over/Under 1,5 gol | ID scommessa Betfair 1:417752909928 | ID Scommessa AdM bc000000003fba2a3e09",Punta,2.74,"2,00", -- ," -2,00 ",Persa
08-feb-26 06:03:20,08-feb-26 06:06:36,"CF America - Monterrey Over 1,5 goal-Over/Under 1,5 gol | ID scommessa Betfair 1:417753372529 | ID Scommessa AdM bc000000003fba516c09",Punta,10.00,"2,00", -- ," -2,00 ",Persa
