Piazzata,Chiuse,Dettagli,Tipo,Quota,Puntata (€),Responsabilità (€),Profitto/Perdita,Stato
12-feb-26 23:02:23,13-feb-26 01:04:45,"Athletico-PR - Santos Under 3,5 goal-Over/Under 3,5 gol | ID scommessa Betfair 1:418277344182 | ID Scommessa AdM bc0000000040a6f64409",Punta,1.29,"3,00", -- ," 0,87 ",Vinta
13-feb-26 00:32:15,13-feb-26 00:56:32,"Once Caldas - Junior FC Barranquilla Over 2,5 goal-Over/Under 2,5 gol | ID scommessa Betfair 1:418282066262 | ID Scommessa AdM bc00000000240c3d2a0a",Punta,1.39,"5,00", -- ," 1,95 ",Vinta
12-feb-26 23:00:38,13-feb-26 00:55:24,Tigre - Aldosivi Tigre-Esito Finale | ID scommessa Betfair 1:418277241721 | ID Scommessa AdM bc0000000062da8de508,Punta,1.77,"12,50", -- ," 9,63 ",Vinta
13-feb-26 00:15:54,13-feb-26 00:48:48,"Lobos UPNFM - CD Victoria Under 2,5 goal-Over/Under 2,5 gol | ID scommessa Betfair 1:418281124987 | ID Scommessa AdM bc0000000062dc774108",Punta,1.78,"9,00", -- ," -9,00 ",Persa
12-feb-26 22:55:26,13-feb-26 00:00:54,"Herrera FC - Union Cocle Under 1,5 goal-Over/Under 1,5 gol | ID scommessa Betfair 1:418277026162 | ID Scommessa AdM bc0000000040a6ca7509",Punta,1.39,"11,00", -- ," 4,28 ",Vinta
12-feb-26 23:12:23,12-feb-26 23:50:25,"Chico - Jaguares de Cordoba Under 4,5 goal-Over/Under 4,5 gol | ID scommessa Betfair 1:418277872631 | ID Scommessa AdM bc0000000040a7365709",Punta,1.56,"9,00", -- ," -9,00 ",Persa
12-feb-26 23:00:22,12-feb-26 23:48:24,"Club Sport Sebaco - Rancho Santana Under 3,5 goal-Over/Under 3,5 gol | ID scommessa Betfair 1:418277228832 | ID Scommessa AdM bc000000002409d5aa0a",Punta,1.73,"13,00", -- ," -13,00 ",Persa
12-feb-26 22:24:18,12-feb-26 23:03:01,Atletico Madrid - Barcellona Barcellona-Esito Finale | ID scommessa Betfair 1:418275197960 | ID Scommessa AdM bc0000000062d975d408,Punta,100.00,"5,00", -- ," -5,00 ",Persa
12-feb-26 21:12:28,12-feb-26 23:00:36,"Retro FC Brasil - Sport Recife Over 1,5 goal-Over/Under 1,5 gol | ID scommessa Betfair 1:418268477479 | ID Scommessa AdM bc0000000062d61bf708",Punta,1.55,"4,00", -- ," -4,00 ",Persa
12-feb-26 22:34:36,12-feb-26 22:55:30,"Brentford - Arsenal Over 2,5 goal-Over/Under 2,5 gol | ID scommessa Betfair 1:418275872002 | ID Scommessa AdM bc0000000062d9d20d08",Punta,1.91,"5,50", -- ," -5,50 ",Persa
12-feb-26 21:00:30,12-feb-26 22:52:22,Dunbeholden FC - Arnett Gardens FC Arnett Gardens FC-Esito Finale | ID scommessa Betfair 1:418266680185 | ID Scommessa AdM bc0000000040a1765e09,Punta,1.82,"5,50", -- ," -5,50 ",Persa
12-feb-26 16:14:39,12-feb-26 22:31:03,Ascoli - Sassari Torres Ascoli-Esito Finale | ID scommessa Betfair 1:418241278001 | ID Scommessa AdM bc0000000023f8542d0a,Punta,1.60,"5,00", -- ," -5,00 ",Persa
12-feb-26 21:02:20,12-feb-26 22:30:56,"Brentford - Arsenal Over 1,5 goal-Over/Under 1,5 gol | ID scommessa Betfair 1:418266951512 | ID Scommessa AdM bc0000000024049cb00a",Punta,1.32,"5,00", -- ," 1,60 ",Vinta
12-feb-26 20:45:07,12-feb-26 22:28:21,Ternana - Ravenna Pareggio o ospite-Doppia Chance | ID scommessa Betfair 1:418264981929 | ID Scommessa AdM bc0000000062d44e8b08,Punta,1.61,"5,00", -- ," -5,00 ",Persa
12-feb-26 21:51:50,12-feb-26 22:27:53,"Campobasso - Livorno Over 3,5 goal-Over/Under 3,5 gol | ID scommessa Betfair 1:418272634718 | ID Scommessa AdM bc0000000040a47d2809",Punta,1.51,"5,00", -- ," -5,00 ",Persa
12-feb-26 20:43:31,12-feb-26 22:25:50,"Carpi - Arezzo Over 2,5 goal-Over/Under 2,5 gol | ID scommessa Betfair 1:418264784120 | ID Scommessa AdM bc0000000040a0826a09",Punta,1.47,"3,00", -- ," -3,00 ",Persa
12-feb-26 20:32:38,12-feb-26 22:25:46,US Pianese - Perugia Casa o pareggio-Doppia Chance | ID scommessa Betfair 1:418263464383 | ID Scommessa AdM bc00000000409fb4aa09,Punta,1.62,"3,50", -- ," 2,17 ",Vinta
12-feb-26 20:43:23,12-feb-26 22:25:09,Gubbio - Pesaro Gubbio-Esito Finale | ID scommessa Betfair 1:418264767516 | ID Scommessa AdM bc0000000062d431fa08,Punta,2.38,"3,00", -- ," 4,14 ",Vinta
12-feb-26 21:44:19,12-feb-26 22:24:11,"Sion - Basilea Under 2,5 goal-Over/Under 2,5 gol | ID scommessa Betfair 1:418271888305 | ID Scommessa AdM bc0000000062d7c75f08",Punta,3.95,"10,00", -- ," 29,50 ",Vinta
12-feb-26 20:35:21,12-feb-26 22:22:45,Thun - Losanna Thun-Esito Finale | ID scommessa Betfair 1:418263796263 | ID Scommessa AdM bc000000002402eddd0a,Punta,1.92,"6,50", -- ," 5,98 ",Vinta
12-feb-26 20:19:29,12-feb-26 21:53:22,"Den Bosch - FC Eindhoven Over 2,5 goal-Over/Under 2,5 gol | ID scommessa Betfair 1:418262251151 | ID Scommessa AdM bc00000000409f1d8009",Punta,1.84,"6,00", -- ," 5,04 ",Vinta
12-feb-26 21:08:24,12-feb-26 21:43:21,"Sion - Basilea Over 1,5 goal-Over/Under 1,5 gol | ID scommessa Betfair 1:418267874489 | ID Scommessa AdM bc0000000062d5cc4308",Punta,1.67,"2,00", -- ," 1,34 ",Vinta
12-feb-26 20:45:25,12-feb-26 21:41:39,"Antwerp - Anderlecht Under 2,5 goal-Over/Under 2,5 gol | ID scommessa Betfair 1:418265016546 | ID Scommessa AdM bc0000000062d4534608",Punta,2.74,"2,50", -- ," -2,50 ",Persa
12-feb-26 20:57:37,12-feb-26 21:28:04,"Universitatea Craiova - FCSB Over 4,5 goal-Over/Under 4,5 gol | ID scommessa Betfair 1:418266316874 | ID Scommessa AdM bc00000000240447ef0a",Punta,1.76,"3,00", -- ," -3,00 ",Persa
12-feb-26 20:30:34,12-feb-26 21:02:32,"Aarhus - Midtjylland Over 1,5 goal-Over/Under 1,5 gol | ID scommessa Betfair 1:418263264979 | ID Scommessa AdM bc00000000240299c50a",Punta,1.80,"10,00", -- ," -10,00 ",Persa
12-feb-26 19:50:07,12-feb-26 20:56:45,"Universitatea Craiova - FCSB Over 3,5 goal-Over/Under 3,5 gol | ID scommessa Betfair 1:418259381008 | ID Scommessa AdM bc0000000062d182e408",Punta,1.62,"5,00", -- ," 3,10 ",Vinta
12-feb-26 19:06:16,12-feb-26 20:51:16,"Hafnarfjordur - IBV Over 2,5 goal-Over/Under 2,5 gol | ID scommessa Betfair 1:418255361461 | ID Scommessa AdM bc0000000023fed0360a",Punta,1.40,"3,00", -- ," -3,00 ",Persa
12-feb-26 18:49:23,12-feb-26 20:38:07,Wolfsburg (F) - Juventus (F) Pareggio o ospite-Doppia Chance | ID scommessa Betfair 1:418253915613 | ID Scommessa AdM bc0000000062ced5ff08,Punta,2.32,"3,00", -- ," 3,96 ",Vinta
12-feb-26 19:23:06,12-feb-26 20:28:35,"Aarhus - Midtjylland Over 0,5 goal-Over/Under 0,5 gol | ID scommessa Betfair 1:418256845615 | ID Scommessa AdM bc00000000409c8b9509",Punta,1.25,"10,00", -- ," 2,50 ",Vinta
12-feb-26 18:33:23,12-feb-26 20:28:19,Al-Quadisiya (KSA) - NEOM Sports Club Al-Quadisiya (KSA)-Esito Finale | ID scommessa Betfair 1:418252489093 | ID Scommessa AdM bc0000000062ce124208,Punta,1.54,"5,00", -- ," 2,70 ",Vinta
12-feb-26 20:16:01,12-feb-26 20:27:01,"Al-Hazm (KSA) - Al-Akhdoud Under 3,5 goal-Over/Under 3,5 gol | ID scommessa Betfair 1:418261929329 | ID Scommessa AdM bc000000002401f85b0a",Punta,1.42,"4,00", -- ," 1,68 ",Vinta
12-feb-26 18:33:32,12-feb-26 20:14:26,"Al-Hazm (KSA) - Al-Akhdoud Under 2,5 goal-Over/Under 2,5 gol | ID scommessa Betfair 1:418252503757 | ID Scommessa AdM bc00000000409a590c09",Punta,1.96,"5,00", -- ," -5,00 ",Persa
12-feb-26 18:03:45,12-feb-26 20:00:55,Juventus Next Gen - Sambenedettese Casa o pareggio-Doppia Chance | ID scommessa Betfair 1:418249808647 | ID Scommessa AdM bc0000000023fc04ef0a,Punta,1.35,"3,50", -- ," 1,23 ",Vinta
12-feb-26 18:05:50,12-feb-26 19:55:50,FC Guidonia Montecelio 1937 - AC Bra Pareggio o ospite-Doppia Chance | ID scommessa Betfair 1:418250002977 | ID Scommessa AdM bc000000004099131809,Punta,1.92,"3,50", -- ," 3,22 ",Vinta
12-feb-26 18:09:45,12-feb-26 19:49:30,"Forli - Pontedera Over 1,5 goal-Over/Under 1,5 gol | ID scommessa Betfair 1:418250319751 | ID Scommessa AdM bc00000000409942ac09",Punta,1.45,"5,00", -- ," 2,25 ",Vinta
12-feb-26 19:34:02,12-feb-26 19:49:16,"Universitatea Craiova - FCSB Over 1,5 goal-Over/Under 1,5 gol | ID scommessa Betfair 1:418257825345 | ID Scommessa AdM bc00000000409d046309",Punta,1.43,"2,50", -- ," 1,08 ",Vinta
12-feb-26 17:55:50,12-feb-26 19:00:50,Al Ahli (BRN) - Aali Club Al Ahli (BRN)-Esito Finale | ID scommessa Betfair 1:418249169125 | ID Scommessa AdM bc0000000023fbb8cc0a,Punta,1.41,"5,00", -- ," -5,00 ",Persa
12-feb-26 17:57:45,12-feb-26 18:59:48,"Lokomotiv Plovdiv - Botev Plovdiv Over 1,5 goal-Over/Under 1,5 gol | ID scommessa Betfair 1:418249308668 | ID Scommessa AdM bc0000000023fbc4a10a",Punta,1.31,"7,00", -- ," -7,00 ",Persa
12-feb-26 17:15:52,12-feb-26 18:52:15,Dinamo Bucaresti - Hermannstadt Dinamo Bucaresti-Esito Finale | ID scommessa Betfair 1:418245892673 | ID Scommessa AdM bc0000000062caf2e808,Punta,1.61,"5,00", -- ," 3,05 ",Vinta
12-feb-26 18:21:45,12-feb-26 18:50:49,CS FC Dinamo Bucuresti - Farul Costanza No-Entrambe le squadre a segno | ID scommessa Betfair 1:418251389586 | ID Scommessa AdM bc0000000062cd8eb608,Punta,1.99,"5,00", -- ," 4,95 ",Vinta
12-feb-26 16:05:29,12-feb-26 18:40:06,Dhamk - Al-Taawoun Buraidah Al-Taawoun Buraidah-Esito Finale | ID scommessa Betfair 1:418240647602 | ID Scommessa AdM bc0000000023f81a600a,Punta,1.96,"5,00", -- ," -5,00 ",Persa
12-feb-26 02:05:16,12-feb-26 03:55:35,Real Esteli FC - Diriangen FC Real Esteli FC-Esito Finale | ID scommessa Betfair 1:418197348788 | ID Scommessa AdM bc00000000408488d609,Punta,2.30,"5,00", -- ," -5,00 ",Persa
12-feb-26 02:09:03,12-feb-26 03:55:33,"CF America - CD Olimpia Over 2,5 goal-Over/Under 2,5 gol | ID scommessa Betfair 1:418197682807 | ID Scommessa AdM bc0000000062b86cd008",Punta,1.63,"4,00", -- ," -4,00 ",Persa
12-feb-26 01:39:20,12-feb-26 03:40:25,"Vasco Da Gama - Bahia Over 2,5 goal-Over/Under 2,5 gol | ID scommessa Betfair 1:418195061691 | ID Scommessa AdM bc0000000023e6ab300a",Punta,2.07,"5,00", -- ," -5,00 ",Persa
12-feb-26 01:38:55,12-feb-26 02:57:31,"San Paolo - Grêmio Over 1,5 goal-Over/Under 1,5 gol | ID scommessa Betfair 1:418195027684 | ID Scommessa AdM bc0000000023e6a6d00a",Punta,1.42,"8,00", -- ," 3,36 ",Vinta
11-feb-26 23:50:22,12-feb-26 02:43:16,Colo Colo - Unión Española Sì-Entrambe le squadre a segno | ID scommessa Betfair 1:418188158808 | ID Scommessa AdM bc000000004080420209,Punta,1.61,"5,00", -- ," -5,00 ",Persa
12-feb-26 00:36:23,12-feb-26 02:29:20,"Millonarios - Aguilas Doradas Over 1,5 goal-Over/Under 1,5 gol | ID scommessa Betfair 1:418191183159 | ID Scommessa AdM bc000000004081c94409",Punta,1.44,"5,00", -- ," -5,00 ",Persa
12-feb-26 01:17:23,12-feb-26 02:21:41,"Central Cordoba (SdE) - Gimnasia Jujuy Under 2,5 goal-Over/Under 2,5 gol | ID scommessa Betfair 1:418193596776 | ID Scommessa AdM bc0000000023e601b60a",Punta,1.44,"10,00", -- ," -10,00 ",Persa
12-feb-26 01:03:23,12-feb-26 02:11:24,CD Universitario - San Francisco FC CD Universitario-Esito Finale | ID scommessa Betfair 1:418192853889 | ID Scommessa AdM bc0000000062b6654c08,Punta,1.46,"7,00", -- ," -7,00 ",Persa
12-feb-26 01:11:20,12-feb-26 02:10:31,"Atletico Choloma - Olancho Over 2,5 goal-Over/Under 2,5 gol | ID scommessa Betfair 1:418193245374 | ID Scommessa AdM bc0000000023e5db990a",Punta,4.20,"5,00", -- ," -5,00 ",Persa
12-feb-26 00:02:41,12-feb-26 02:06:01,Atletico MG - Remo Atletico MG-Esito Finale | ID scommessa Betfair 1:418188821629 | ID Scommessa AdM bc000000004080993609,Punta,1.48,"7,00", -- ," -7,00 ",Persa
12-feb-26 02:00:51,12-feb-26 02:06:01,Atletico MG - Remo Atletico MG-Esito Finale | ID scommessa Betfair 1:418196953923 | ID Scommessa AdM bc00000000408465fe09,Punta,6.80,"7,00", -- ," -7,00 ",Persa
12-feb-26 02:02:05,12-feb-26 02:06:01,Atletico MG - Remo Atletico MG-Esito Finale | ID scommessa Betfair 1:418197063273 | ID Scommessa AdM bc0000000062b8347808,Punta,6.80,"7,00", -- ," -7,00 ",Persa
12-feb-26 02:02:18,12-feb-26 02:06:01,Atletico MG - Remo Atletico MG-Esito Finale | ID scommessa Betfair 1:418197082568 | ID Scommessa AdM bc0000000023e77b9e0a,Punta,6.80,"7,00", -- ," -7,00 ",Persa
12-feb-26 02:02:34,12-feb-26 02:06:01,Atletico MG - Remo Atletico MG-Esito Finale | ID scommessa Betfair 1:418197103455 | ID Scommessa AdM bc0000000062b837f208,Punta,6.80,"7,00", -- ," -7,00 ",Persa
12-feb-26 02:02:41,12-feb-26 02:06:01,Atletico MG - Remo Atletico MG-Esito Finale | ID scommessa Betfair 1:418197114173 | ID Scommessa AdM bc0000000062b838a608,Punta,6.80,"7,00", -- ," -7,00 ",Persa
12-feb-26 02:02:50,12-feb-26 02:06:01,Atletico MG - Remo Atletico MG-Esito Finale | ID scommessa Betfair 1:418197124195 | ID Scommessa AdM bc0000000023e77fac0a,Punta,6.80,"7,00", -- ," -7,00 ",Persa
12-feb-26 00:03:02,12-feb-26 01:54:17,XV De Piracicaba - Sao Jose EC SP Casa / Pareggio-Parziale/finale | ID scommessa Betfair 1:418188839361 | ID Scommessa AdM bc0000000062b45dec08,Punta,1.35,"10,00", -- ," -10,00 ",Persa
12-feb-26 00:02:53,12-feb-26 01:52:50,"Oeste FC - Santo Andre Over 2,5 goal-Over/Under 2,5 gol | ID scommessa Betfair 1:418188831772 | ID Scommessa AdM bc0000000040809ab109",Punta,2.82,"5,00", -- ," 9,10 ",Vinta
12-feb-26 01:22:10,12-feb-26 01:33:44,"Gremio Prudente - Monte Azul SP Over 0,5 goal-Over/Under 0,5 gol | ID scommessa Betfair 1:418193896758 | ID Scommessa AdM bc0000000062b6dd9b08",Punta,2.90,"7,00", -- ," -7,00 ",Persa
11-feb-26 23:36:52,12-feb-26 01:16:15,"Votuporanguense - Taubate Under 2,5 goal-Over/Under 2,5 gol | ID scommessa Betfair 1:418187138549 | ID Scommessa AdM bc0000000062b383ed08",Punta,1.48,"3,00", -- ," -3,00 ",Persa
12-feb-26 00:20:49,12-feb-26 01:07:17,"Mirassol - Cruzeiro Under 4,5 goal-Over/Under 4,5 gol | ID scommessa Betfair 1:418190098410 | ID Scommessa AdM bc0000000023e44edb0a",Punta,1.41,"10,00", -- ," 4,10 ",Vinta
11-feb-26 23:17:17,12-feb-26 00:59:56,Ituano - Inter Limeira Casa o pareggio-Doppia Chance | ID scommessa Betfair 1:418185805030 | ID Scommessa AdM bc0000000062b2cd9308,Punta,1.25,"7,00", -- ," 1,75 ",Vinta
11-feb-26 23:09:16,12-feb-26 00:58:36,"Agua Santa - Ferroviaria Over 1,5 goal-Over/Under 1,5 gol | ID scommessa Betfair 1:418185236257 | ID Scommessa AdM bc0000000023e1c6e90a",Punta,1.60,"6,00", -- ," -6,00 ",Persa
11-feb-26 23:02:50,12-feb-26 00:53:26,Rosario Central - Sportivo Belgrano No-Entrambe le squadre a segno | ID scommessa Betfair 1:418184773643 | ID Scommessa AdM bc0000000023e182a90a,Punta,1.28,"6,00", -- ," 1,68 ",Vinta
11-feb-26 23:01:59,12-feb-26 00:20:59,"Chapecoense - Coritiba Under 2,5 goal-Over/Under 2,5 gol | ID scommessa Betfair 1:418184712913 | ID Scommessa AdM bc0000000023e17af60a",Punta,1.76,"6,00", -- ," -6,00 ",Persa
12-feb-26 00:10:48,12-feb-26 00:19:28,"Mirassol - Cruzeiro Over 2,5 goal-Over/Under 2,5 gol | ID scommessa Betfair 1:418189359073 | ID Scommessa AdM bc0000000023e3ee050a",Punta,1.33,"10,00", -- ," 3,30 ",Vinta
11-feb-26 23:08:48,11-feb-26 23:58:03,Tauro FC - UMECIT Casa o pareggio-Doppia Chance | ID scommessa Betfair 1:418185208363 | ID Scommessa AdM bc0000000023e1c3420a,Punta,1.27,"6,00", -- ," 1,62 ",Vinta
11-feb-26 22:39:25,11-feb-26 23:53:07,Genesis Huracan - CD Motagua Pareggio o ospite-Doppia Chance | ID scommessa Betfair 1:418183046749 | ID Scommessa AdM bc0000000023e0914e0a,Punta,1.29,"7,00", -- ," 2,02 ",Vinta
11-feb-26 21:18:14,11-feb-26 23:12:08,Sunderland - Liverpool Liverpool-Esito Finale | ID scommessa Betfair 1:418169794445 | ID Scommessa AdM bc0000000062aa10e808,Punta,1.85,"8,00", -- ," 6,80 ",Vinta
11-feb-26 21:28:20,11-feb-26 23:00:57,Swindon - Newport County Swindon-Esito Finale | ID scommessa Betfair 1:418171710537 | ID Scommessa AdM bc000000004077663209,Punta,1.80,"5,00", -- ," 4,00 ",Vinta
11-feb-26 21:04:14,11-feb-26 23:00:31,Bologna - Lazio Casa o pareggio-Doppia Chance | ID scommessa Betfair 1:418166443458 | ID Scommessa AdM bc0000000040747e1f09,Punta,1.31,"4,00", -- ," 1,24 ",Vinta
11-feb-26 21:01:25,11-feb-26 22:58:20,NEC Nijmegen - Utrecht NEC Nijmegen-Esito Finale | ID scommessa Betfair 1:418165788644 | ID Scommessa AdM bc0000000040741e5709,Punta,1.74,"8,00", -- ," -8,00 ",Persa
11-feb-26 21:14:25,11-feb-26 22:56:24,"Athletic Bilbao - Real Sociedad Over 2,5 goal-Over/Under 2,5 gol | ID scommessa Betfair 1:418168911040 | ID Scommessa AdM bc0000000023d8d6210a",Punta,3.00,"5,00", -- ," -5,00 ",Persa
11-feb-26 22:34:33,11-feb-26 22:56:07,Paris FC (F) -  Real Madrid (F) Casa o pareggio-Doppia Chance | ID scommessa Betfair 1:418182565123 | ID Scommessa AdM bc0000000023e04d370a,Punta,4.50,"7,00", -- ," -7,00 ",Persa
11-feb-26 21:26:21,11-feb-26 22:53:24,Motherwell - Rangers Rangers-Esito Finale | ID scommessa Betfair 1:418171338931 | ID Scommessa AdM bc0000000062aaee9608,Punta,1.64,"10,00", -- ," -10,00 ",Persa
11-feb-26 21:20:14,11-feb-26 22:48:25,"Bayern Monaco - RB Lipsia Over 2,5 goal-Over/Under 2,5 gol | ID scommessa Betfair 1:418170201960 | ID Scommessa AdM bc0000000062aa4b5708",Punta,1.75,"3,50", -- ," -3,50 ",Persa
11-feb-26 21:57:25,11-feb-26 22:41:35,"Sutton Utd - Braintree Over 2,5 goal-Over/Under 2,5 gol | ID scommessa Betfair 1:418176862299 | ID Scommessa AdM bc0000000062adf4c708",Punta,2.31,"5,00", -- ," -5,00 ",Persa
11-feb-26 22:32:33,11-feb-26 22:41:15,"York City - Hartlepool Under 3,5 goal-Over/Under 3,5 gol | ID scommessa Betfair 1:418182369887 | ID Scommessa AdM bc00000000407d28d209",Punta,1.29,"8,00", -- ," -8,00 ",Persa
11-feb-26 21:00:20,11-feb-26 22:40:46,"Charlton - Stoke Over 2,5 goal-Over/Under 2,5 gol | ID scommessa Betfair 1:418165526443 | ID Scommessa AdM bc0000000062a7b4db08",Punta,3.15,"4,00", -- ," -4,00 ",Persa
11-feb-26 22:10:36,11-feb-26 22:40:32,"Grimsby - Accrington Over 1,5 goal-Over/Under 1,5 gol | ID scommessa Betfair 1:418179099036 | ID Scommessa AdM bc00000000407b635309",Punta,1.69,"10,00", -- ," -10,00 ",Persa
11-feb-26 21:00:29,11-feb-26 22:39:46,"Falkirk - Dundee Over 1,5 goal-Over/Under 1,5 gol | ID scommessa Betfair 1:418165560032 | ID Scommessa AdM bc000000004073fe7409",Punta,1.56,"10,00", -- ," -10,00 ",Persa
11-feb-26 22:33:06,11-feb-26 22:39:13,Boreham Wood - Yeovil Boreham Wood-Esito Finale | ID scommessa Betfair 1:418182421751 | ID Scommessa AdM bc0000000023e039170a,Punta,2.92,"7,50", -- ," 14,40 ",Vinta
11-feb-26 21:34:21,11-feb-26 22:37:51,Kilmarnock - St. Mirren Kilmarnock-Esito Finale | ID scommessa Betfair 1:418172835239 | ID Scommessa AdM bc0000000023db0d3b0a,Punta,1.52,"10,00", -- ," 5,20 ",Vinta
11-feb-26 21:51:18,11-feb-26 22:36:25,"Celtic - Livingston Over 2,5 goal-Over/Under 2,5 gol | ID scommessa Betfair 1:418175849736 | ID Scommessa AdM bc000000004079a4c909",Punta,1.70,"3,50", -- ," 2,45 ",Vinta
11-feb-26 20:42:13,11-feb-26 22:35:23,Crystal Palace - Burnley Crystal Palace-Esito Finale | ID scommessa Betfair 1:418161603190 | ID Scommessa AdM bc000000004071ab3109,Punta,1.52,"5,00", -- ," -5,00 ",Persa
11-feb-26 20:44:15,11-feb-26 22:30:16,Union St Gilloise - Charleroi Union St Gilloise-Esito Finale | ID scommessa Betfair 1:418162008596 | ID Scommessa AdM bc000000004071e31209,Punta,1.71,"7,00", -- ," 4,97 ",Vinta
11-feb-26 20:44:23,11-feb-26 22:30:06,Inter U23 - Lumezzane Inter U23-Esito Finale | ID scommessa Betfair 1:418162040805 | ID Scommessa AdM bc000000004071e6c109,Punta,2.06,"4,00", -- ," -4,00 ",Persa
11-feb-26 22:16:36,11-feb-26 22:28:29,"York City - Hartlepool Over 2,5 goal-Over/Under 2,5 gol | ID scommessa Betfair 1:418180157269 | ID Scommessa AdM bc0000000023defb350a",Punta,1.69,"8,00", -- ," 5,52 ",Vinta
11-feb-26 21:51:28,11-feb-26 22:27:20,"San Gallo - Young Boys Over 3,5 goal-Over/Under 3,5 gol | ID scommessa Betfair 1:418175877559 | ID Scommessa AdM bc0000000023dcb1310a",Punta,2.68,"3,00", -- ," -3,00 ",Persa
11-feb-26 20:32:29,11-feb-26 22:27:00,Aston Villa - Brighton Aston Villa-Esito Finale | ID scommessa Betfair 1:418159749519 | ID Scommessa AdM bc0000000023d3b01c0a,Punta,2.14,"6,00", -- ," 6,84 ",Vinta
11-feb-26 20:46:37,11-feb-26 22:26:29,Pro Vercelli - Vicenza Vicenza-Esito Finale | ID scommessa Betfair 1:418162564826 | ID Scommessa AdM bc0000000023d53e4d0a,Punta,2.12,"3,50", -- ," 3,92 ",Vinta
11-feb-26 20:36:20,11-feb-26 22:26:24,Zurigo - Winterthur Zurigo-Esito Finale | ID scommessa Betfair 1:418160480431 | ID Scommessa AdM bc000000004071136209,Punta,2.08,"5,50", -- ," 5,94 ",Vinta
11-feb-26 20:38:33,11-feb-26 22:26:00,"Giana Erminio - Lecco Under 2,5 goal-Over/Under 2,5 gol | ID scommessa Betfair 1:418160903831 | ID Scommessa AdM bc0000000062a508ad08",Punta,1.41,"5,00", -- ," 2,05 ",Vinta
11-feb-26 20:46:19,11-feb-26 22:24:47,"Arzignanochiampo - A.C. Trento S.C.S.D. Under 2,5 goal-Over/Under 2,5 gol | ID scommessa Betfair 1:418162501087 | ID Scommessa AdM bc0000000023d533e10a",Punta,1.61,"1,63", -- ," 0,99 ",Vinta
11-feb-26 21:01:43,11-feb-26 22:24:22,Aurora Pro Patria 1919 - Cittadella Cittadella-Esito Finale | ID scommessa Betfair 1:418165850106 | ID Scommessa AdM bc000000004074270709,Punta,2.20,"4,00", -- ," -4,00 ",Persa
11-feb-26 20:36:31,11-feb-26 22:23:55,"Lugano - Servette Under 2,5 goal-Over/Under 2,5 gol | ID scommessa Betfair 1:418160514203 | ID Scommessa AdM bc0000000062a4d33208",Punta,1.78,"5,00", -- ," 3,90 ",Vinta
11-feb-26 21:14:13,11-feb-26 22:23:27,"Manchester City - Fulham Over 3,5 goal-Over/Under 3,5 gol | ID scommessa Betfair 1:418168861854 | ID Scommessa AdM bc0000000023d8cfda0a",Punta,1.85,"9,50", -- ," -9,50 ",Persa
11-feb-26 21:49:18,11-feb-26 22:21:16,Nottingham Forest - Wolves Nottingham Forest-Esito Finale | ID scommessa Betfair 1:418175506696 | ID Scommessa AdM bc0000000023dc7eaa0a,Punta,2.08,"7,00", -- ," -7,00 ",Persa
11-feb-26 21:59:26,11-feb-26 22:14:35,"Velež Mostar - Siroki Brijeg Over 2,5 goal-Over/Under 2,5 gol | ID scommessa Betfair 1:418177189388 | ID Scommessa AdM bc0000000062ae21bf08",Punta,1.87,"7,00", -- ," 6,06 ",Vinta
11-feb-26 20:03:50,11-feb-26 21:56:57,Avellino - Frosinone Frosinone-Esito Finale | ID scommessa Betfair 1:418155436209 | ID Scommessa AdM bc0000000062a23dec08,Punta,2.20,"6,00", -- ," 7,20 ",Vinta
11-feb-26 20:03:26,11-feb-26 21:54:17,Empoli - Juve Stabia Pareggio o ospite-Doppia Chance | ID scommessa Betfair 1:418155385852 | ID Scommessa AdM bc0000000062a2384d08,Punta,1.62,"7,00", -- ," 4,34 ",Vinta
11-feb-26 20:03:42,11-feb-26 21:54:07,Bari - Spezia Pareggio o ospite-Doppia Chance | ID scommessa Betfair 1:418155419787 | ID Scommessa AdM bc0000000023d1800c0a,Punta,1.45,"5,50", -- ," 2,48 ",Vinta
11-feb-26 21:38:24,11-feb-26 21:50:12,"Grotta - IA Akranes Over 3,5 goal-Over/Under 3,5 gol | ID scommessa Betfair 1:418173575357 | ID Scommessa AdM bc0000000023db74740a",Punta,1.86,"4,00", -- ," 3,44 ",Vinta
11-feb-26 20:09:44,11-feb-26 21:48:39,FC Black Stars - FC Basel II FC Black Stars-Esito Finale | ID scommessa Betfair 1:418156329469 | ID Scommessa AdM bc0000000023d1f09a0a,Punta,1.65,"5,00", -- ," 3,25 ",Vinta
11-feb-26 20:04:22,11-feb-26 21:26:41,"Grotta - IA Akranes Over 2,5 goal-Over/Under 2,5 gol | ID scommessa Betfair 1:418155525491 | ID Scommessa AdM bc0000000023d1909c0a",Punta,1.28,"6,00", -- ," 1,68 ",Vinta
11-feb-26 20:35:01,11-feb-26 21:10:35,"Manchester City - Fulham Over 2,5 goal-Over/Under 2,5 gol | ID scommessa Betfair 1:418160234043 | ID Scommessa AdM bc000000004070f2f609",Punta,1.55,"5,00", -- ," 2,75 ",Vinta
11-feb-26 20:40:31,11-feb-26 21:04:55,"Al-Masry - Wadi Degla Over 2,5 goal-Over/Under 2,5 gol | ID scommessa Betfair 1:418161278853 | ID Scommessa AdM bc0000000040717a5409",Punta,2.22,"3,50", -- ," -3,50 ",Persa
11-feb-26 20:05:26,11-feb-26 21:03:26,"PAOK - Panathinaikos Over 0,5 goal-Over/Under 0,5 gol | ID scommessa Betfair 1:418155668433 | ID Scommessa AdM bc0000000023d1a1770a",Punta,1.25,"10,00", -- ," 2,50 ",Vinta
11-feb-26 19:24:25,11-feb-26 20:57:54,"Zamalek - Smouha Under 2,5 goal-Over/Under 2,5 gol | ID scommessa Betfair 1:418150816107 | ID Scommessa AdM bc00000000406c3c3c09",Punta,1.31,"5,00", -- ," 1,55 ",Vinta
11-feb-26 20:28:19,11-feb-26 20:57:52,"CA Juventus - CA Linense Under 4,5 goal-Over/Under 4,5 gol | ID scommessa Betfair 1:418159054011 | ID Scommessa AdM bc0000000023d34a1f0a",Punta,1.99,"10,00", -- ," 9,85 ",Vinta
11-feb-26 19:36:20,11-feb-26 20:57:49,"Universitatea Cluj - Otelul Galati Under 2,5 goal-Over/Under 2,5 gol | ID scommessa Betfair 1:418152316295 | ID Scommessa AdM bc0000000062a0bfc408",Punta,1.26,"4,50", -- ," 1,17 ",Vinta
11-feb-26 20:35:10,11-feb-26 20:57:45,"FC Copenhagen - Viborg Over 3,5 goal-Over/Under 3,5 gol | ID scommessa Betfair 1:418160258891 | ID Scommessa AdM bc000000004070f69509",Punta,1.79,"4,50", -- ," -4,50 ",Persa
11-feb-26 19:02:09,11-feb-26 20:56:41,Sudtirol - Monza Pareggio o ospite-Doppia Chance | ID scommessa Betfair 1:418147960056 | ID Scommessa AdM bc00000000406aca6b09,Punta,1.34,"5,00", -- ," 1,70 ",Vinta
11-feb-26 19:18:13,11-feb-26 20:42:04,"CS Sporting Liesti - Csikszereda Over 4,5 goal-Over/Under 4,5 gol | ID scommessa Betfair 1:418150061003 | ID Scommessa AdM bc00000000406bd96809",Punta,1.98,"6,00", -- ," 5,88 ",Vinta
11-feb-26 20:18:10,11-feb-26 20:37:45,"Oud-Heverlee Leuven (W) - Arsenal (F) Over 4,5 goal-Over/Under 4,5 gol | ID scommessa Betfair 1:418157644071 | ID Scommessa AdM bc0000000023d295d40a",Punta,1.77,"6,00", -- ," -6,00 ",Persa
11-feb-26 19:38:03,11-feb-26 20:26:07,"CA Juventus - CA Linense Under 3,5 goal-Over/Under 3,5 gol | ID scommessa Betfair 1:418152530238 | ID Scommessa AdM bc00000000406d18fe09",Punta,1.73,"4,50", -- ," -4,50 ",Persa
11-feb-26 20:00:28,11-feb-26 20:15:34,"Oud-Heverlee Leuven (W) - Arsenal (F) Over 3,5 goal-Over/Under 3,5 gol | ID scommessa Betfair 1:418155043277 | ID Scommessa AdM bc00000000406e508e09",Punta,1.27,"5,00", -- ," 1,35 ",Vinta
11-feb-26 18:50:25,11-feb-26 20:15:03,"Go Ahead Eagles - Heerenveen Over 2,5 goal-Over/Under 2,5 gol | ID scommessa Betfair 1:418146973233 | ID Scommessa AdM bc00000000406a46b209",Punta,1.75,"7,00", -- ," 5,25 ",Vinta
11-feb-26 18:06:28,11-feb-26 19:56:42,SSD Dolomiti Bellunesi - Pergolettese Casa o pareggio-Doppia Chance | ID scommessa Betfair 1:418143020790 | ID Scommessa AdM bc0000000023cb5fa60a,Punta,1.44,"6,00", -- ," -6,00 ",Persa
11-feb-26 18:01:29,11-feb-26 19:55:39,Celik Zenica - Sarajevo Sarajevo-Esito Finale | ID scommessa Betfair 1:418142500007 | ID Scommessa AdM bc000000004068235709,Punta,1.47,"7,00", -- ," 3,30 ",Vinta
11-feb-26 18:50:16,11-feb-26 19:55:29,"Oud-Heverlee Leuven (W) - Arsenal (F) Over 2,5 goal-Over/Under 2,5 gol | ID scommessa Betfair 1:418146961411 | ID Scommessa AdM bc0000000023cd4e910a",Punta,1.43,"7,00", -- ," 3,01 ",Vinta
11-feb-26 18:01:21,11-feb-26 19:53:16,"ASD Alcione - AC Ospitaletto Under 2,5 goal-Over/Under 2,5 gol | ID scommessa Betfair 1:418142484751 | ID Scommessa AdM bc0000000023cb230e0a",Punta,1.60,"10,00", -- ," 6,00 ",Vinta
11-feb-26 18:34:13,11-feb-26 19:45:45,"Francoforte (F) - FC Nordsjaelland (F) Over 3,5 goal-Over/Under 3,5 gol | ID scommessa Betfair 1:418145475604 | ID Scommessa AdM bc0000000023cc94b30a",Punta,1.85,"7,00", -- ," 5,95 ",Vinta
11-feb-26 19:14:09,11-feb-26 19:28:29,"FC Copenhagen - Viborg Over 1,5 goal-Over/Under 1,5 gol | ID scommessa Betfair 1:418149534549 | ID Scommessa AdM bc00000000406b936c09",Punta,1.41,"7,00", -- ," 2,87 ",Vinta
11-feb-26 18:40:11,11-feb-26 19:05:13,"Hacken (F) - Breidablik (W) Over 3,5 goal-Over/Under 3,5 gol | ID scommessa Betfair 1:418146041205 | ID Scommessa AdM bc00000000629d93d108",Punta,1.94,"6,00", -- ," 5,64 ",Vinta
11-feb-26 17:12:37,11-feb-26 19:01:56,"Ludogorets - PFC Levski Sofia Over 2,5 goal-Over/Under 2,5 gol | ID scommessa Betfair 1:418137586031 | ID Scommessa AdM bc0000000040664d2909",Punta,1.50,"7,00", -- ," -7,00 ",Persa
11-feb-26 17:08:19,11-feb-26 18:55:23,"Al-Shabbab (BRN) - Al Khalidiyah Over 1,5 goal-Over/Under 1,5 gol | ID scommessa Betfair 1:418137151981 | ID Scommessa AdM bc000000006299dd6c08",Punta,1.36,"7,00", -- ," -7,00 ",Persa
11-feb-26 17:05:23,11-feb-26 18:10:51,"RC Celta de Vigo U19 - Athletic Bilbao U19 Over 3,5 goal-Over/Under 3,5 gol | ID scommessa Betfair 1:418136812786 | ID Scommessa AdM bc00000000406607de09",Punta,2.20,"6,00", -- ," -6,00 ",Persa
11-feb-26 16:06:10,11-feb-26 18:02:15,"Levadiakos - OFI Under 2,5 goal-Over/Under 2,5 gol | ID scommessa Betfair 1:418131165069 | ID Scommessa AdM bc000000004063f6a709",Punta,1.76,"7,00", -- ," 5,32 ",Vinta
11-feb-26 16:01:50,11-feb-26 18:01:08,ENPPI - Pyramids Pyramids-Esito Finale | ID scommessa Betfair 1:418130738276 | ID Scommessa AdM bc0000000062978a9a08,Punta,1.78,"7,00", -- ," 5,46 ",Vinta
11-feb-26 16:48:18,11-feb-26 17:59:35,"Al Ahly Cairo - Ismaily Over 2,5 goal-Over/Under 2,5 gol | ID scommessa Betfair 1:418135289352 | ID Scommessa AdM bc0000000023c87dd30a",Punta,1.30,"7,00", -- ," -7,00 ",Persa
11-feb-26 16:08:31,11-feb-26 17:56:07,"Real Madrid U19 - Real Betis Balompie U19 Over 2,5 goal-Over/Under 2,5 gol | ID scommessa Betfair 1:418131404020 | ID Scommessa AdM bc000000006297c7ae08",Punta,1.87,"6,00", -- ," 5,22 ",Vinta
11-feb-26 16:40:20,11-feb-26 16:52:41,"RC Celta de Vigo U19 - Athletic Bilbao U19 Over 1,5 goal-Over/Under 1,5 gol | ID scommessa Betfair 1:418134505736 | ID Scommessa AdM bc0000000040652e7e09",Punta,1.57,"7,00", -- ," 3,99 ",Vinta
11-feb-26 16:11:26,11-feb-26 16:43:51,"Al Ahly Cairo - Ismaily Over 1,5 goal-Over/Under 1,5 gol | ID scommessa Betfair 1:418131712172 | ID Scommessa AdM bc000000006297e5ee08",Punta,1.48,"7,00", -- ," 3,36 ",Vinta
11-feb-26 15:39:31,11-feb-26 16:40:49,"Radnik Bijeljina - HNK Krusevo Over 1,5 goal-Over/Under 1,5 gol | ID scommessa Betfair 1:418128597246 | ID Scommessa AdM bc0000000023c605e20a",Punta,1.27,"7,00", -- ," 1,89 ",Vinta
11-feb-26 15:02:53,11-feb-26 16:01:24,"Monastir - Valmontone 1921 Over 1,5 goal-Over/Under 1,5 gol | ID scommessa Betfair 1:418125547567 | ID Scommessa AdM bc000000004061f7c009",Punta,1.30,"7,00", -- ," 2,08 ",Vinta
11-feb-26 15:18:45,11-feb-26 15:57:01,Botev Vratsa - Arda Arda-Esito Finale | ID scommessa Betfair 1:418126855903 | ID Scommessa AdM bc0000000023c56d950a,Punta,1.31,"10,00", -- ," 3,10 ",Vinta
11-feb-26 13:45:33,11-feb-26 15:17:41,"Aalborg - Thisted Over 2,5 goal-Over/Under 2,5 gol | ID scommessa Betfair 1:418119225346 | ID Scommessa AdM bc0000000023c29d4d0a",Punta,1.65,"5,50", -- ," -5,50 ",Persa
11-feb-26 14:46:23,11-feb-26 15:12:56,"Botev Vratsa - Arda Over 4,5 goal-Over/Under 4,5 gol | ID scommessa Betfair 1:418124176373 | ID Scommessa AdM bc0000000023c47e570a",Punta,1.35,"6,00", -- ," 2,10 ",Vinta
11-feb-26 13:40:45,11-feb-26 14:54:47,"CSM Slatina - FC Metaloglobus Bucuresti Under 4,5 goal-Over/Under 4,5 gol | ID scommessa Betfair 1:418118838477 | ID Scommessa AdM bc00000000405f6c8d09",Punta,5.70,"10,00", -- ," 47,00 ",Vinta
11-feb-26 14:28:02,11-feb-26 14:37:56,"Botev Vratsa - Arda Under 3,5 goal-Over/Under 3,5 gol | ID scommessa Betfair 1:418122481586 | ID Scommessa AdM bc000000006294a70e08",Punta,1.66,"6,50", -- ," -6,50 ",Persa
11-feb-26 14:18:37,11-feb-26 14:26:19,"Botev Vratsa - Arda Over 1,5 goal-Over/Under 1,5 gol | ID scommessa Betfair 1:418121690386 | ID Scommessa AdM bc0000000023c39c070a",Punta,1.25,"6,00", -- ," 1,50 ",Vinta
11-feb-26 12:36:28,11-feb-26 13:52:05,Sparta Prague (F) - FK Austria Wien (W) Pareggio o ospite-Doppia Chance | ID scommessa Betfair 1:418113814369 | ID Scommessa AdM bc000000006291100f08,Punta,1.65,"7,00", -- ," 4,53 ",Vinta
11-feb-26 13:02:50,11-feb-26 13:32:41,"CSM Slatina - FC Metaloglobus Bucuresti Under 2,5 goal-Over/Under 2,5 gol | ID scommessa Betfair 1:418115838142 | ID Scommessa AdM bc00000000405e31cc09",Punta,1.94,"1,00", -- ," -1,00 ",Persa
11-feb-26 12:42:03,11-feb-26 12:52:02,"Ulsan Hyundai - Melbourne City Under 2,5 goal-Over/Under 2,5 gol | ID scommessa Betfair 1:418114275427 | ID Scommessa AdM bc0000000023c089340a",Punta,1.32,"5,00", -- ," -5,00 ",Persa
11-feb-26 02:31:17,11-feb-26 04:29:40,Atlético Bucaramanga - Tolima Atlético Bucaramanga-Esito Finale | ID scommessa Betfair 1:418085756885 | ID Scommessa AdM bc0000000023b5e31b0a,Punta,1.99,"4,00", -- ," -4,00 ",Persa
11-feb-26 02:09:23,11-feb-26 03:59:47,Pumas - San Diego FC Pumas-Esito Finale | ID scommessa Betfair 1:418084591980 | ID Scommessa AdM bc0000000023b567b10a,Punta,1.82,"5,00", -- ," 4,10 ",Vinta
11-feb-26 02:09:16,11-feb-26 03:59:45,"Pumas - San Diego FC Over 2,5 goal-Over/Under 2,5 gol | ID scommessa Betfair 1:418084585946 | ID Scommessa AdM bc00000000628617bc08",Punta,1.71,"6,00", -- ," -6,00 ",Persa
11-feb-26 01:51:09,11-feb-26 03:33:55,"Deportivo Tachira - The Strongest Under 2,5 goal-Over/Under 2,5 gol | ID scommessa Betfair 1:418083659784 | ID Scommessa AdM bc0000000023b4faef0a",Punta,1.61,"6,00", -- ," 3,66 ",Vinta
11-feb-26 02:39:26,11-feb-26 03:33:55,"Deportivo Tachira - The Strongest Over 1,5 goal-Over/Under 1,5 gol | ID scommessa Betfair 1:418086202715 | ID Scommessa AdM bc0000000023b614160a",Punta,1.33,"10,00", -- ," -10,00 ",Persa
11-feb-26 01:31:15,11-feb-26 03:28:22,EC Vitoria Salvador - Flamengo Flamengo-Esito Finale | ID scommessa Betfair 1:418082718784 | ID Scommessa AdM bc0000000023b47d620a,Punta,1.70,"7,50", -- ," 5,25 ",Vinta
11-feb-26 01:34:09,11-feb-26 03:28:22,EC Vitoria Salvador - Flamengo Flamengo-Esito Finale | ID scommessa Betfair 1:418082855475 | ID Scommessa AdM bc0000000023b490090a,Punta,1.71,"7,50", -- ," 5,33 ",Vinta
11-feb-26 01:35:21,11-feb-26 03:28:22,EC Vitoria Salvador - Flamengo Flamengo-Esito Finale | ID scommessa Betfair 1:418082915358 | ID Scommessa AdM bc000000006285499008,Punta,1.74,"7,50", -- ," 5,55 ",Vinta
11-feb-26 02:01:15,11-feb-26 02:43:15,"EC Vitoria Salvador - Flamengo Over 2,5 goal-Over/Under 2,5 gol | ID scommessa Betfair 1:418084137926 | ID Scommessa AdM bc0000000023b534fe0a",Punta,1.93,"5,50", -- ," 5,12 ",Vinta
11-feb-26 01:29:18,11-feb-26 02:24:40,"Llaneros - Deportivo Pasto Under 1,5 goal-Over/Under 1,5 gol | ID scommessa Betfair 1:418082636926 | ID Scommessa AdM bc000000006285235108",Punta,3.10,"3,00", -- ," 6,30 ",Vinta
11-feb-26 01:33:13,11-feb-26 02:24:40,"Llaneros - Deportivo Pasto Over 1,5 goal-Over/Under 1,5 gol | ID scommessa Betfair 1:418082810155 | ID Scommessa AdM bc0000000023b48a630a",Punta,1.51,"5,00", -- ," -5,00 ",Persa
11-feb-26 01:35:14,11-feb-26 02:24:40,"Llaneros - Deportivo Pasto Under 1,5 goal-Over/Under 1,5 gol | ID scommessa Betfair 1:418082909842 | ID Scommessa AdM bc0000000023b497750a",Punta,2.80,"3,00", -- ," 5,40 ",Vinta
10-feb-26 23:25:13,10-feb-26 23:59:11,"Cúcuta Deportivo - Ind Medellin Under 4,5 goal-Over/Under 4,5 gol | ID scommessa Betfair 1:418078592976 | ID Scommessa AdM bc000000006283162308",Punta,2.89,"6,00", -- ," 11,36 ",Vinta
10-feb-26 22:41:29,10-feb-26 23:20:28,"Cúcuta Deportivo - Ind Medellin Over 2,5 goal-Over/Under 2,5 gol | ID scommessa Betfair 1:418076329203 | ID Scommessa AdM bc000000006281aa7e08",Punta,2.08,"5,00", -- ," 5,40 ",Vinta
10-feb-26 21:17:44,10-feb-26 23:10:29,West Ham - Manchester United Manchester United-Esito Finale | ID scommessa Betfair 1:418062776932 | ID Scommessa AdM bc000000004046b70209,Punta,1.74,"3,50", -- ," -3,50 ",Persa
10-feb-26 21:17:54,10-feb-26 22:58:33,"Birmingham - West Bromwich Over 1,5 goal-Over/Under 1,5 gol | ID scommessa Betfair 1:418062813136 | ID Scommessa AdM bc000000004046bb1a09",Punta,1.58,"2,50", -- ," -2,50 ",Persa
10-feb-26 22:20:51,10-feb-26 22:56:36,"Napoli - Como Over 2,5 goal-Over/Under 2,5 gol | ID scommessa Betfair 1:418073955390 | ID Scommessa AdM bc00000000404c9b7909",Punta,1.84,"3,50", -- ," -3,50 ",Persa
10-feb-26 21:22:20,10-feb-26 22:52:14,Hearts - Hibernian Hearts-Esito Finale | ID scommessa Betfair 1:418063771905 | ID Scommessa AdM bc00000000404739e609,Punta,1.91,"3,00", -- ," 2,73 ",Vinta
10-feb-26 22:41:17,10-feb-26 22:44:03,Leicester - Southampton Pareggio-Esito Finale | ID scommessa Betfair 1:418076313699 | ID Scommessa AdM bc000000006281a81208,Punta,42.15,"6,50", -- ," -6,50 ",Persa
10-feb-26 21:32:44,10-feb-26 22:40:39,"Hertha Berlino - Friburgo Over 1,5 goal-Over/Under 1,5 gol | ID scommessa Betfair 1:418065911578 | ID Scommessa AdM bc00000000404851da09",Punta,2.06,"2,00", -- ," -2,00 ",Persa
10-feb-26 21:58:45,10-feb-26 22:38:01,"Foggia - AZ Picerno Over 3,5 goal-Over/Under 3,5 gol | ID scommessa Betfair 1:418070243784 | ID Scommessa AdM bc00000000404abd3009",Punta,1.39,"3,00", -- ," -3,00 ",Persa
10-feb-26 22:23:06,10-feb-26 22:38:01,"Foggia - AZ Picerno Under 3,5 goal-Over/Under 3,5 gol | ID scommessa Betfair 1:418074287549 | ID Scommessa AdM bc0000000062806fd108",Punta,1.50,"4,00", -- ," 2,00 ",Vinta
10-feb-26 21:52:49,10-feb-26 22:37:30,"Oxford United - Norwich Over 3,5 goal-Over/Under 3,5 gol | ID scommessa Betfair 1:418069137558 | ID Scommessa AdM bc00000000404a302309",Punta,1.42,"3,00", -- ," -3,00 ",Persa
10-feb-26 20:34:17,10-feb-26 22:31:26,Tottenham - Newcastle Pareggio o ospite-Doppia Chance | ID scommessa Betfair 1:418053235638 | ID Scommessa AdM bc0000000023a4a00f0a,Punta,1.42,"3,50", -- ," 1,47 ",Vinta
10-feb-26 20:35:12,10-feb-26 22:30:27,Cosenza - Siracusa Cosenza-Esito Finale | ID scommessa Betfair 1:418053398006 | ID Scommessa AdM bc0000000062756d5708,Punta,1.61,"4,00", -- ," 2,44 ",Vinta
10-feb-26 20:38:12,10-feb-26 22:30:27,Cosenza - Siracusa Cosenza-Esito Finale | ID scommessa Betfair 1:418053936447 | ID Scommessa AdM bc000000006275bbce08,Punta,1.67,"3,50", -- ," 2,35 ",Vinta
10-feb-26 20:34:06,10-feb-26 22:29:21,Chelsea - Leeds Chelsea-Esito Finale | ID scommessa Betfair 1:418053200572 | ID Scommessa AdM bc0000000023a49a2b0a,Punta,1.56,"3,00", -- ," -3,00 ",Persa
10-feb-26 22:25:37,10-feb-26 22:28:39,Atalanta U23 - Potenza Pareggio-Esito Finale | ID scommessa Betfair 1:418074643771 | ID Scommessa AdM bc00000000404cfd1309,Punta,1.03,"4,00", -- ," 0,12 ",Vinta
10-feb-26 22:10:51,10-feb-26 22:27:48,Casertana - Crotone Pareggio-Esito Finale | ID scommessa Betfair 1:418072362958 | ID Scommessa AdM bc00000000404bc87009,Punta,1.43,"4,00", -- ," 1,72 ",Vinta
10-feb-26 20:43:02,10-feb-26 22:27:43,"Catania - Audace Cerignola Under 2,5 goal-Over/Under 2,5 gol | ID scommessa Betfair 1:418054796793 | ID Scommessa AdM bc0000000023a583530a",Punta,1.72,"5,00", -- ," 3,60 ",Vinta
10-feb-26 22:10:18,10-feb-26 22:27:13,"Leicester - Southampton Over 4,5 goal-Over/Under 4,5 gol | ID scommessa Betfair 1:418072264269 | ID Scommessa AdM bc0000000023aeb9490a",Punta,1.65,"4,00", -- ," 2,60 ",Vinta
10-feb-26 22:21:06,10-feb-26 22:26:23,"Mansfield - Peterborough Over 2,5 goal-Over/Under 2,5 gol | ID scommessa Betfair 1:418073991279 | ID Scommessa AdM bc00000000404ca05209",Punta,1.99,"3,00", -- ," 2,97 ",Vinta
10-feb-26 20:37:07,10-feb-26 22:23:23,Lucerna - Grasshoppers Lucerna-Esito Finale | ID scommessa Betfair 1:418053746254 | ID Scommessa AdM bc000000004041f99009,Punta,1.85,"4,00", -- ," 3,40 ",Vinta
10-feb-26 20:33:13,10-feb-26 22:22:42,Salernitana - S.S.D. Casarano Calcio Salernitana-Esito Finale | ID scommessa Betfair 1:418053033968 | ID Scommessa AdM bc0000000023a47fc00a,Punta,1.53,"3,50", -- ," 1,86 ",Vinta
10-feb-26 20:56:49,10-feb-26 22:20:51,"Crawley - Cambridge United Over 1,5 goal-Over/Under 1,5 gol | ID scommessa Betfair 1:418057948640 | ID Scommessa AdM bc0000000040443f4909",Punta,1.55,"5,00", -- ," 2,75 ",Vinta
10-feb-26 21:25:46,10-feb-26 22:11:09,"Mansfield - Peterborough Over 1,5 goal-Over/Under 1,5 gol | ID scommessa Betfair 1:418064499470 | ID Scommessa AdM bc000000004047976309",Punta,1.75,"5,00", -- ," 3,75 ",Vinta
10-feb-26 22:03:52,10-feb-26 22:10:03,"Wigan - Reading Over 1,5 goal-Over/Under 1,5 gol | ID scommessa Betfair 1:418071134841 | ID Scommessa AdM bc00000000404b29c309",Punta,1.66,"3,00", -- ," 1,98 ",Vinta
10-feb-26 21:40:48,10-feb-26 22:09:17,"Casertana - Crotone Over 3,5 goal-Over/Under 3,5 gol | ID scommessa Betfair 1:418067164644 | ID Scommessa AdM bc00000000404904e809",Punta,1.55,"2,00", -- ," 1,10 ",Vinta
10-feb-26 21:21:41,10-feb-26 22:07:01,"Napoli - Como Over 1,5 goal-Over/Under 1,5 gol | ID scommessa Betfair 1:418063634718 | ID Scommessa AdM bc000000004047284109",Punta,1.73,"5,00", -- ," 3,65 ",Vinta
10-feb-26 21:24:13,10-feb-26 22:06:23,"Leicester - Southampton Over 3,5 goal-Over/Under 3,5 gol | ID scommessa Betfair 1:418064177188 | ID Scommessa AdM bc0000000023aa674a0a",Punta,1.25,"2,50", -- ," 0,63 ",Vinta
10-feb-26 22:00:49,10-feb-26 22:04:26,"Ferreira - Sporting Lisbon B Over 2,5 goal-Over/Under 2,5 gol | ID scommessa Betfair 1:418070627342 | ID Scommessa AdM bc0000000023adedb50a",Punta,1.29,"3,50", -- ," 1,02 ",Vinta
10-feb-26 20:15:07,10-feb-26 21:57:01,Venezia - Modena Venezia-Esito Finale | ID scommessa Betfair 1:418050332348 | ID Scommessa AdM bc00000000404024a609,Punta,2.10,"4,00", -- ," -4,00 ",Persa
10-feb-26 20:32:16,10-feb-26 21:52:19,"Everton - Bournemouth Over 1,5 goal-Over/Under 1,5 gol | ID scommessa Betfair 1:418052852583 | ID Scommessa AdM bc0000000023a466800a",Punta,1.26,"4,00", -- ," 1,04 ",Vinta
10-feb-26 20:51:03,10-feb-26 21:49:37,"Oxford United - Norwich Over 2,5 goal-Over/Under 2,5 gol | ID scommessa Betfair 1:418056728705 | ID Scommessa AdM bc0000000040439b4e09",Punta,1.49,"5,50", -- ," 2,70 ",Vinta
10-feb-26 20:20:02,10-feb-26 21:41:03,"Pescara - Catanzaro Over 1,5 goal-Over/Under 1,5 gol | ID scommessa Betfair 1:418051048254 | ID Scommessa AdM bc0000000040407b4409",Punta,1.54,"5,00", -- ," 2,70 ",Vinta
10-feb-26 20:46:22,10-feb-26 21:14:48,"Leicester - Southampton Over 2,5 goal-Over/Under 2,5 gol | ID scommessa Betfair 1:418055603317 | ID Scommessa AdM bc000000004043045809",Punta,1.91,"5,00", -- ," 4,55 ",Vinta
10-feb-26 20:36:10,10-feb-26 21:10:09,Al-Ittihad - Al Gharafa No-Entrambe le squadre a segno | ID scommessa Betfair 1:418053561195 | ID Scommessa AdM bc000000004041dc2109,Punta,1.25,"3,50", -- ," 0,88 ",Vinta
10-feb-26 20:30:06,10-feb-26 20:33:53,"Al-Ittihad - Al Gharafa Under 4,5 goal-Over/Under 4,5 gol | ID scommessa Betfair 1:418052447921 | ID Scommessa AdM bc000000006274de4308",Punta,5.70,"4,00", -- ," -4,00 ",Persa
